duration,protocol_type,service,flag,src_bytes,dst_bytes,land,wrong_fragment,urgent,hot,num_failed_logins,logged_in,num_compromised,root_shell,su_attempted,num_root,num_file_creations,num_shells,num_access_files,num_outbound_cmds,is_host_login,is_guest_login,count,srv_count,serror_rate,srv_serror_rate,rerror_rate,srv_rerror_rate,same_srv_rate,diff_srv_rate,srv_diff_host_rate,dst_host_count,dst_host_srv_count,dst_host_same_srv_rate,dst_host_diff_srv_rate,dst_host_same_src_port_rate,dst_host_srv_diff_host_rate,dst_host_serror_rate,dst_host_srv_serror_rate,dst_host_rerror_rate,dst_host_srv_rerror_rate,labels
0,tcp,ftp_data,SF,491,0,0,0,0,0,0,0,0,0,0,0,0,0,0,0,0,0,2,2,0,0,0,0,1,0,0,150,25,0.17,0.03,0.17,0,0,0,0.05,0,normal
0,udp,other,SF,146,0,0,0,0,0,0,0,0,0,0,0,0,0,0,0,0,0,13,1,0,0,0,0,0.08,0.15,0,255,1,0,0.6,0.88,0,0,0,0,0,normal
0,tcp,private,S0,0,0,0,0,0,0,0,0,0,0,0,0,0,0,0,0,0,0,123,6,1,1,0,0,0.05,0.07,0,255,26,0.1,0.05,0,0,1,1,0,0,neptune
0,tcp,http,SF,232,8153,0,0,0,0,0,1,0,0,0,0,0,0,0,0,0,0,5,5,0.2,0.2,0,0,1,0,0,30,255,1,0,0.03,0.04,0.03,0.01,0,0.01,normal
0,tcp,http,SF,199,420,0,0,0,0,0,1,0,0,0,0,0,0,0,0,0,0,30,32,0,0,0,0,1,0,0.09,255,255,1,0,0,0,0,0,0,0,normal
0,tcp,private,REJ,0,0,0,0,0,0,0,0,0,0,0,0,0,0,0,0,0,0,121,19,0,0,1,1,0.16,0.06,0,255,19,0.07,0.07,0,0,0,0,1,1,neptune
0,tcp,private,S0,0,0,0,0,0,0,0,0,0,0,0,0,0,0,0,0,0,0,166,9,1,1,0,0,0.05,0.06,0,255,9,0.04,0.05,0,0,1,1,0,0,neptune
0,tcp,private,S0,0,0,0,0,0,0,0,0,0,0,0,0,0,0,0,0,0,0,117,16,1,1,0,0,0.14,0.06,0,255,15,0.06,0.07,0,0,1,1,0,0,neptune
0,tcp,remote_job,S0,0,0,0,0,0,0,0,0,0,0,0,0,0,0,0,0,0,0,270,23,1,1,0,0,0.09,0.05,0,255,23,0.09,0.05,0,0,1,1,0,0,neptune
0,tcp,private,S0,0,0,0,0,0,0,0,0,0,0,0,0,0,0,0,0,0,0,133,8,1,1,0,0,0.06,0.06,0,255,13,0.05,0.06,0,0,1,1,0,0,neptune
0,tcp,private,REJ,0,0,0,0,0,0,0,0,0,0,0,0,0,0,0,0,0,0,205,12,0,0,1,1,0.06,0.06,0,255,12,0.05,0.07,0,0,0,0,1,1,neptune
0,tcp,private,S0,0,0,0,0,0,0,0,0,0,0,0,0,0,0,0,0,0,0,199,3,1,1,0,0,0.02,0.06,0,255,13,0.05,0.07,0,0,1,1,0,0,neptune
0,tcp,http,SF,287,2251,0,0,0,0,0,1,0,0,0,0,0,0,0,0,0,0,3,7,0,0,0,0,1,0,0.43,8,219,1,0,0.12,0.03,0,0,0,0,normal
0,tcp,ftp_data,SF,334,0,0,0,0,0,0,1,0,0,0,0,0,0,0,0,0,0,2,2,0,0,0,0,1,0,0,2,20,1,0,1,0.2,0,0,0,0,warezclient
0,tcp,name,S0,0,0,0,0,0,0,0,0,0,0,0,0,0,0,0,0,0,0,233,1,1,1,0,0,0,0.06,0,255,1,0,0.07,0,0,1,1,0,0,neptune
0,tcp,netbios_ns,S0,0,0,0,0,0,0,0,0,0,0,0,0,0,0,0,0,0,0,96,16,1,1,0,0,0.17,0.05,0,255,2,0.01,0.06,0,0,1,1,0,0,neptune
0,tcp,http,SF,300,13788,0,0,0,0,0,1,0,0,0,0,0,0,0,0,0,0,8,9,0,0.11,0,0,1,0,0.22,91,255,1,0,0.01,0.02,0,0,0,0,normal
0,icmp,eco_i,SF,18,0,0,0,0,0,0,0,0,0,0,0,0,0,0,0,0,0,1,1,0,0,0,0,1,0,0,1,16,1,0,1,1,0,0,0,0,ipsweep
0,tcp,http,SF,233,616,0,0,0,0,0,1,0,0,0,0,0,0,0,0,0,0,3,3,0,0,0,0,1,0,0,66,255,1,0,0.02,0.03,0,0,0.02,0,normal
0,tcp,http,SF,343,1178,0,0,0,0,0,1,0,0,0,0,0,0,0,0,0,0,9,10,0,0,0,0,1,0,0.2,157,255,1,0,0.01,0.04,0,0,0,0,normal
0,tcp,mtp,S0,0,0,0,0,0,0,0,0,0,0,0,0,0,0,0,0,0,0,223,23,1,1,0,0,0.1,0.05,0,255,23,0.09,0.05,0,0,1,1,0,0,neptune
0,tcp,private,S0,0,0,0,0,0,0,0,0,0,0,0,0,0,0,0,0,0,0,280,17,1,1,0,0,0.06,0.05,0,238,17,0.07,0.06,0,0,0.99,1,0,0,neptune
0,tcp,http,SF,253,11905,0,0,0,0,0,1,0,0,0,0,0,0,0,0,0,0,8,10,0,0,0,0,1,0,0.2,87,255,1,0,0.01,0.02,0,0,0,0,normal
5607,udp,other,SF,147,105,0,0,0,0,0,0,0,0,0,0,0,0,0,0,0,0,1,1,0,0,0,0,1,0,0,255,1,0,0.85,1,0,0,0,0,0,normal
0,tcp,mtp,S0,0,0,0,0,0,0,0,0,0,0,0,0,0,0,0,0,0,0,248,2,1,1,0,0,0.01,0.06,0,255,2,0.01,0.06,0,0,1,1,0,0,neptune
507,tcp,telnet,SF,437,14421,0,0,0,0,0,1,3,0,0,0,0,0,1,0,0,0,1,1,0,0,0,0,1,0,0,255,25,0.1,0.05,0,0,0.53,0,0.02,0.16,normal
0,tcp,private,S0,0,0,0,0,0,0,0,0,0,0,0,0,0,0,0,0,0,0,279,7,1,1,0,0,0.03,0.06,0,255,13,0.05,0.07,0,0,1,1,0,0,neptune
0,tcp,http,SF,227,6588,0,0,0,0,0,1,0,0,0,0,0,0,0,0,0,0,5,22,0,0,0,0,1,0,0.18,43,255,1,0,0.02,0.14,0,0,0.56,0.57,normal
0,tcp,http,SF,215,10499,0,0,0,0,0,1,0,0,0,0,0,0,0,0,0,0,14,14,0,0,0,0,1,0,0,255,255,1,0,0,0,0,0,0,0,normal
0,tcp,http,SF,241,1400,0,0,0,0,0,1,0,0,0,0,0,0,0,0,0,0,33,33,0,0,0.03,0.03,1,0,0,255,255,1,0,0,0,0,0,0,0,normal
0,icmp,eco_i,SF,8,0,0,0,0,0,0,0,0,0,0,0,0,0,0,0,0,0,1,12,0,0,0,0,1,0,1,1,53,1,0,1,0.51,0,0,0,0,ipsweep
0,tcp,finger,S0,0,0,0,0,0,0,0,0,0,0,0,0,0,0,0,0,0,0,57,16,1,1,0,0,0.28,0.07,0,255,59,0.23,0.04,0.01,0,1,1,0,0,neptune
0,tcp,http,SF,303,555,0,0,0,0,0,1,0,0,0,0,0,0,0,0,0,0,9,9,0,0,0,0,1,0,0,9,255,1,0,0.11,0.01,0,0,0,0,normal
0,tcp,private,REJ,0,0,0,0,0,0,0,0,0,0,0,0,0,0,0,0,0,0,2,1,0,0,1,1,0.5,1,0,255,1,0,0.31,0.28,0,0,0,0.29,1,portsweep
0,udp,domain_u,SF,45,45,0,0,0,0,0,0,0,0,0,0,0,0,0,0,0,0,181,181,0,0,0,0,1,0,0,255,250,0.98,0.01,0,0,0,0,0,0,normal
1,udp,private,SF,105,147,0,0,0,0,0,0,0,0,0,0,0,0,0,0,0,0,2,2,0,0,0,0,1,0,0,41,5,0.12,0.05,0.05,0,0,0,0,0,normal
0,udp,domain_u,SF,43,43,0,0,0,0,0,0,0,0,0,0,0,0,0,0,0,0,122,202,0,0,0,0,1,0,0.01,255,255,1,0,0.01,0,0,0,0,0,normal
0,tcp,supdup,S0,0,0,0,0,0,0,0,0,0,0,0,0,0,0,0,0,0,0,205,17,1,1,0,0,0.08,0.06,0,255,17,0.07,0.07,0,0,1,1,0,0,neptune
0,tcp,http,SF,324,2302,0,0,0,0,0,1,0,0,0,0,0,0,0,0,0,0,22,28,0,0,0,0,1,0,0.14,255,255,1,0,0,0,0,0,0,0,normal
0,tcp,uucp_path,S0,0,0,0,0,0,0,0,0,0,0,0,0,0,0,0,0,0,0,228,13,1,1,0,0,0.06,0.07,0,255,13,0.05,0.07,0,0,1,1,0,0,neptune
0,tcp,ftp_data,S0,0,0,0,0,0,0,0,0,0,0,0,0,0,0,0,0,0,0,50,11,1,1,0,0,0.22,0.08,0,255,63,0.25,0.02,0.01,0,1,1,0,0,neptune
0,tcp,Z39_50,S0,0,0,0,0,0,0,0,0,0,0,0,0,0,0,0,0,0,0,262,12,1,1,0,0,0.05,0.06,0,255,9,0.04,0.07,0,0,1,1,0,0,neptune
2,tcp,smtp,SF,1591,372,0,0,0,0,0,1,0,0,0,0,0,0,0,0,0,0,1,2,0,0,0,0,1,0,1,181,147,0.81,0.02,0.01,0,0,0,0,0,normal
9052,udp,other,SF,146,105,0,0,0,0,0,0,0,0,0,0,0,0,0,0,0,0,4,2,0,0,0,0,0.5,0.5,0,255,2,0.01,0.66,0.99,0,0,0,0,0,normal
0,tcp,http,SF,290,3006,0,0,0,0,0,1,0,0,0,0,0,0,0,0,0,0,11,11,0,0,0,0,1,0,0,255,255,1,0,0,0,0,0,0,0,normal
0,tcp,csnet_ns,S0,0,0,0,0,0,0,0,0,0,0,0,0,0,0,0,0,0,0,108,11,1,1,0,0,0.1,0.08,0,255,11,0.04,0.07,0,0,1,1,0,0,neptune
0,udp,private,SF,28,0,0,3,0,0,0,0,0,0,0,0,0,0,0,0,0,0,80,80,0,0,0,0,1,0,0,255,80,0.31,0.02,0.31,0,0,0,0,0,teardrop
0,tcp,http,SF,255,861,0,0,0,0,0,1,0,0,0,0,0,0,0,0,0,0,44,44,0.02,0.02,0,0,1,0,0,255,255,1,0,0,0,0,0,0,0,normal
0,tcp,ftp_data,SF,334,0,0,0,0,0,0,1,0,0,0,0,0,0,0,0,0,0,2,2,0,0,0,0,1,0,0,4,38,1,0,1,0.18,0,0,0,0,warezclient
0,tcp,ftp_data,S0,0,0,0,0,0,0,0,0,0,0,0,0,0,0,0,0,0,0,258,17,1,1,0,0,0.07,0.05,0,255,5,0.02,0.07,0,0,1,1,0,0,neptune
0,tcp,http,SF,302,498,0,0,0,0,0,1,0,0,0,0,0,0,0,0,0,0,10,10,0,0,0,0,1,0,0,131,255,1,0,0.01,0.04,0,0,0,0,normal
0,tcp,private,REJ,0,0,0,0,0,0,0,0,0,0,0,0,0,0,0,0,0,0,61,4,0,0,1,1,0.07,0.1,0,255,4,0.02,0.08,0,0,0,0,1,1,neptune
0,udp,private,SF,28,0,0,3,0,0,0,0,0,0,0,0,0,0,0,0,0,0,2,2,0,0,0,0,1,0,0,255,2,0.01,0.02,0.01,0,0,0,0.77,0,teardrop
0,tcp,http,SF,220,1398,0,0,0,0,0,1,0,0,0,0,0,0,0,0,0,0,26,42,0,0,0,0,1,0,0.05,26,255,1,0,0.04,0.03,0,0,0,0,normal
0,udp,domain_u,SF,43,69,0,0,0,0,0,0,0,0,0,0,0,0,0,0,0,0,120,120,0,0,0,0,1,0,0,255,245,0.96,0.01,0.01,0,0,0,0,0,normal
0,udp,domain_u,SF,44,133,0,0,0,0,0,0,0,0,0,0,0,0,0,0,0,0,73,75,0,0,0,0,1,0,0.03,122,212,0.88,0.02,0.88,0.01,0,0,0.08,0,normal
0,icmp,eco_i,SF,8,0,0,0,0,0,0,0,0,0,0,0,0,0,0,0,0,0,1,15,0,0,0,0,1,0,1,2,46,1,0,1,0.26,0,0,0,0,nmap
0,tcp,uucp,S0,0,0,0,0,0,0,0,0,0,0,0,0,0,0,0,0,0,0,135,9,1,1,0,0,0.07,0.06,0,255,11,0.04,0.07,0,0,1,1,0,0,neptune
0,tcp,finger,S0,0,0,0,0,0,0,0,0,0,0,0,0,0,0,0,0,0,0,24,12,1,1,0,0,0.5,0.08,0,255,59,0.23,0.04,0,0,1,1,0,0,neptune
0,udp,domain_u,SF,43,43,0,0,0,0,0,0,0,0,0,0,0,0,0,0,0,0,148,228,0,0,0,0,1,0,0.01,255,255,1,0,0.01,0,0,0,0,0,normal
0,tcp,ftp_data,SF,641,0,0,0,0,0,0,1,0,0,0,0,0,0,0,0,0,0,2,2,0,0,0,0,1,0,0,175,48,0.25,0.02,0.25,0.04,0,0,0,0,normal
0,tcp,private,REJ,0,0,0,0,0,0,0,0,0,0,0,0,0,0,0,0,0,0,206,4,0,0,1,1,0.02,0.06,0,255,4,0.02,0.08,0,0,0,0,1,1,neptune
0,tcp,private,REJ,0,0,0,0,0,0,0,0,0,0,0,0,0,0,0,0,0,0,175,1,0.1,0,0.89,1,0.01,1,0,255,1,0,0.84,0,0,0.07,0,0.62,1,satan
0,tcp,http,SF,310,2794,0,0,0,0,0,1,0,0,0,0,0,0,0,0,0,0,4,4,0,0,0,0,1,0,0,255,255,1,0,0,0,0,0,0,0,normal
0,tcp,private,REJ,0,0,0,0,0,0,0,0,0,0,0,0,0,0,0,0,0,0,63,10,0,0,1,1,0.16,0.08,0,255,10,0.04,0.07,0,0,0,0,1,1,neptune
0,tcp,smtp,SF,696,333,0,0,0,0,0,1,0,0,0,0,0,0,0,0,0,0,1,1,0,0,0,0,1,0,0,109,133,0.39,0.04,0.01,0.02,0,0,0,0,normal
0,tcp,netbios_dgm,RSTR,0,0,0,0,0,0,0,0,0,0,0,0,0,0,0,0,0,0,1,1,0,0,1,1,1,0,0,236,1,0,0.58,0.58,0,0,0,0.58,1,portsweep
0,tcp,http,S0,0,0,0,0,0,0,0,0,0,0,0,0,0,0,0,0,0,0,52,19,1,1,0,0,0.37,0.08,0,255,67,0.26,0.02,0,0,1,1,0,0,neptune
0,tcp,netbios_dgm,REJ,0,0,0,0,0,0,0,0,0,0,0,0,0,0,0,0,0,0,125,7,0,0,1,1,0.06,0.06,0,255,6,0.02,0.07,0,0,0,0,1,1,neptune
0,tcp,supdup,S0,0,0,0,0,0,0,0,0,0,0,0,0,0,0,0,0,0,0,168,21,1,1,0,0,0.12,0.06,0,255,21,0.08,0.06,0,0,1,1,0,0,neptune
0,tcp,http,SF,221,2878,0,0,0,0,0,1,0,0,0,0,0,0,0,0,0,0,1,1,0,0,0,0,1,0,0,21,58,1,0,0.05,0.03,0,0,0,0,normal
0,tcp,private,S0,0,0,0,0,0,0,0,0,0,0,0,0,0,0,0,0,0,0,145,16,1,1,0,0,0.11,0.06,0,255,31,0.12,0.05,0,0,1,1,0,0,neptune
0,icmp,urp_i,SF,181,0,0,0,0,0,0,0,0,0,0,0,0,0,0,0,0,0,3,2,0,0,0,0,0.67,0.67,0,255,93,0.36,0.01,0.46,0,0,0,0,0,normal
0,udp,domain_u,SF,42,42,0,0,0,0,0,0,0,0,0,0,0,0,0,0,0,0,9,14,0,0,0,0,1,0,0.21,84,83,0.99,0.02,0.01,0,0,0,0,0,normal
0,tcp,private,S0,0,0,0,0,0,0,0,0,0,0,0,0,0,0,0,0,0,0,138,6,1,1,0,0,0.04,0.06,0,255,6,0.02,0.07,0,0,1,1,0,0,neptune
0,tcp,ftp_data,SF,12,0,0,0,0,0,0,1,0,0,0,0,0,0,0,0,0,0,1,1,0,0,0,0,1,0,0,44,47,0.55,0.07,0.55,0.04,0,0,0,0,normal
0,tcp,auth,S0,0,0,0,0,0,0,0,0,0,0,0,0,0,0,0,0,0,0,276,9,1,1,0,0,0.03,0.06,0,255,9,0.04,0.06,0,0,1,1,0,0,neptune
0,tcp,http,SF,210,2790,0,0,0,0,0,1,0,0,0,0,0,0,0,0,0,0,10,27,0,0,0,0,1,0,0.11,48,255,1,0,0.02,0.09,0,0,0,0,normal
0,tcp,http,SF,321,5683,0,0,0,0,0,1,0,0,0,0,0,0,0,0,0,0,10,10,0,0,0,0,1,0,0,168,255,1,0,0.01,0.04,0,0,0,0,normal
0,tcp,private,REJ,0,0,0,0,0,0,0,0,0,0,0,0,0,0,0,0,0,0,248,8,0,0,1,1,0.03,0.06,0,255,8,0.03,0.07,0,0,0,0,1,1,neptune
0,tcp,http,SF,329,3982,0,0,0,0,0,1,0,0,0,0,0,0,0,0,0,0,2,31,0,0,0,0,1,0,0.1,24,255,1,0,0.04,0.05,0,0,0,0,normal
0,tcp,uucp_path,REJ,0,0,0,0,0,0,0,0,0,0,0,0,0,0,0,0,0,0,135,7,0,0,1,1,0.05,0.07,0,255,7,0.03,0.07,0,0,0,0,1,1,neptune
0,tcp,domain,S0,0,0,0,0,0,0,0,0,0,0,0,0,0,0,0,0,0,0,220,19,1,1,0,0,0.09,0.05,0,255,2,0.01,0.07,0,0,1,1,0,0,neptune
0,icmp,eco_i,SF,8,0,0,0,0,0,0,0,0,0,0,0,0,0,0,0,0,0,1,44,0,0,0,0,1,0,1,1,95,1,0,1,0.51,0,0,0,0,ipsweep
0,tcp,http,SF,320,379,0,0,0,0,0,1,0,0,0,0,0,0,0,0,0,0,9,9,0,0,0,0,1,0,0,123,255,1,0,0.01,0.02,0,0,0,0,normal
0,tcp,private,S0,0,0,0,0,0,0,0,0,0,0,0,0,0,0,0,0,0,0,212,7,1,1,0,0,0.03,0.05,0,72,7,0.1,0.11,0.01,0,0.97,1,0,0,neptune
0,tcp,http,SF,225,3762,0,0,0,0,0,1,0,0,0,0,0,0,0,0,0,0,10,10,0,0,0,0,1,0,0,255,255,1,0,0,0,0,0,0,0,normal
0,tcp,ftp,S0,0,0,0,0,0,0,0,0,0,0,0,0,0,0,0,0,0,0,250,13,1,1,0,0,0.05,0.06,0,255,1,0,0.07,0,0,1,1,0,0,neptune
0,tcp,private,REJ,0,0,0,0,0,0,0,0,0,0,0,0,0,0,0,0,0,0,132,15,0,0,1,1,0.11,0.05,0,255,15,0.06,0.06,0,0,0,0,1,1,neptune
315,udp,other,SF,146,105,0,0,0,0,0,0,0,0,0,0,0,0,0,0,0,0,3,2,0,0,0,0,0.67,0.67,0,117,2,0.02,0.54,0.78,0,0,0,0,0,normal
0,tcp,http,SF,247,1416,0,0,0,0,0,1,0,0,0,0,0,0,0,0,0,0,11,11,0,0,0,0,1,0,0,156,255,1,0,0.01,0.09,0,0,0.46,0.61,normal
0,tcp,http,SF,353,1483,0,0,0,0,0,1,0,0,0,0,0,0,0,0,0,0,3,9,0,0,0,0,1,0,0.33,255,255,1,0,0,0,0,0,0,0,normal
0,udp,domain_u,SF,44,44,0,0,0,0,0,0,0,0,0,0,0,0,0,0,0,0,109,189,0,0,0,0,0.99,0.02,0.01,255,254,1,0.01,0.01,0,0,0,0,0,normal
0,tcp,private,REJ,0,0,0,0,0,0,0,0,0,0,0,0,0,0,0,0,0,0,146,18,0,0,1,1,0.12,0.05,0,255,10,0.04,0.08,0,0,0,0,1,1,neptune
0,tcp,csnet_ns,S0,0,0,0,0,0,0,0,0,0,0,0,0,0,0,0,0,0,0,300,6,1,1,0,0,0.02,0.06,0,255,3,0.01,0.07,0,0,1,1,0,0,neptune
2,tcp,smtp,SF,3065,331,0,0,0,0,0,1,0,0,0,0,0,0,0,0,0,0,1,2,0,0,0,0,1,0,1,243,119,0.48,0.02,0,0.02,0.01,0.02,0,0,normal
0,udp,other,SF,102,102,0,0,0,0,0,0,0,0,0,0,0,0,0,0,0,0,1,1,0,0,0,0,1,0,0,7,1,0.14,0.29,0.14,0,0,0,0,0,normal
0,tcp,http,SF,259,750,0,0,0,0,0,1,0,0,0,0,0,0,0,0,0,0,4,5,0,0,0,0,1,0,0.4,4,255,1,0,0.25,0.03,0,0,0,0,normal
1082,udp,other,SF,147,105,0,0,0,0,0,0,0,0,0,0,0,0,0,0,0,0,2,2,0,0,0,0,1,0,0,255,2,0.01,0.42,0.86,0,0,0,0,0,normal
0,tcp,private,S0,0,0,0,0,0,0,0,0,0,0,0,0,0,0,0,0,0,0,129,16,1,1,0,0,0.12,0.05,0,255,12,0.05,0.05,0,0,1,1,0,0,neptune
0,tcp,http,SF,0,354,0,0,0,0,0,0,0,0,0,0,0,0,0,0,0,0,32,32,0.03,0.03,0,0,1,0,0,255,255,1,0,0,0,0,0,0,0,normal
0,tcp,http,SF,309,306,0,0,0,0,0,1,0,0,0,0,0,0,0,0,0,0,1,1,0,0,0,0,1,0,0,66,255,1,0,0.02,0.02,0,0,0,0,normal
0,tcp,http,REJ,0,0,0,0,0,0,0,0,0,0,0,0,0,0,0,0,0,0,1,2,0,0,1,1,1,0,1,1,247,1,0,1,0.15,0,0,1,0.68,normal
0,tcp,http,SF,278,7227,0,0,0,0,0,1,0,0,0,0,0,0,0,0,0,0,3,3,0,0,0,0,1,0,0,153,255,1,0,0.01,0.05,0,0,0,0,normal
0,udp,private,SF,28,0,0,3,0,0,0,0,0,0,0,0,0,0,0,0,0,0,82,82,0,0,0,0,1,0,0,255,182,0.71,0.29,0.71,0,0.09,0,0.2,0,teardrop
0,tcp,http,SF,313,761,0,0,0,0,0,1,0,0,0,0,0,0,0,0,0,0,1,1,0,0,0,0,1,0,0,43,255,1,0,0.02,0.03,0,0,0,0,normal
0,tcp,http,SF,219,1212,0,0,0,0,0,1,0,0,0,0,0,0,0,0,0,0,15,15,0,0,0,0,1,0,0,242,255,1,0,0,0.01,0,0,0,0,normal
0,tcp,http,SF,245,9165,0,0,0,0,0,1,0,0,0,0,0,0,0,0,0,0,2,3,0,0,0,0,1,0,0.67,10,255,1,0,0.1,0.05,0,0,0,0,normal
0,tcp,http,SF,328,2243,0,0,0,0,0,1,0,0,0,0,0,0,0,0,0,0,21,21,0,0,0,0,1,0,0,21,255,1,0,0.05,0.04,0,0,0,0,normal
0,tcp,http,REJ,0,0,0,0,0,0,0,0,0,0,0,0,0,0,0,0,0,0,1,1,0,0,1,1,1,0,0,23,249,1,0,0.04,0.1,0,0,1,0.96,normal
0,tcp,http,SF,251,301,0,0,0,0,0,1,0,0,0,0,0,0,0,0,0,0,3,7,0,0,0,0,1,0,0.29,255,252,0.99,0.01,0,0,0,0,0,0,normal
0,tcp,smtp,SF,2089,335,0,0,0,0,0,1,0,0,0,0,0,0,0,0,0,0,2,2,0,0,0,0,0.5,1,1,255,152,0.6,0.03,0,0,0.01,0.02,0,0.01,normal
0,tcp,http,REJ,0,0,0,0,0,0,0,0,0,0,0,0,0,0,0,0,0,0,1,1,0,0,1,1,1,0,0,6,255,1,0,0.17,0.21,0,0,1,0.88,normal
0,tcp,http,SF,237,511,0,0,0,0,0,1,0,0,0,0,0,0,0,0,0,0,1,1,0,0,0,0,1,0,0,3,255,1,0,0.33,0.01,0,0,0,0,normal
0,tcp,http,SF,324,431,0,0,0,0,0,1,0,0,0,0,0,0,0,0,0,0,4,5,0,0,0,0,1,0,0.4,107,255,1,0,0.01,0.02,0,0,0,0,normal
25950,tcp,private,RSTR,1,0,0,0,0,0,0,0,0,0,0,0,0,0,0,0,0,0,2,2,0,0,1,1,1,0,0,255,2,0.01,0.69,1,0,0,0,1,1,portsweep
0,tcp,Z39_50,REJ,0,0,0,0,0,0,0,0,0,0,0,0,0,0,0,0,0,0,110,17,0,0,1,1,0.15,0.05,0,255,17,0.07,0.07,0,0,0,0,1,1,neptune
0,udp,private,SF,105,145,0,0,0,0,0,0,0,0,0,0,0,0,0,0,0,0,4,1,0,0,0,0,0.25,0.5,0,255,239,0.94,0.01,0,0,0,0,0,0,normal
0,tcp,http,SF,218,974,0,0,0,0,0,1,0,0,0,0,0,0,0,0,0,0,6,6,0,0,0,0,1,0,0,6,255,1,0,0.17,0.02,0,0.01,0,0,normal
0,tcp,http,SF,325,2649,0,0,0,0,0,1,0,0,0,0,0,0,0,0,0,0,7,7,0,0,0,0,1,0,0,107,255,1,0,0.01,0.01,0,0,0,0,normal
0,tcp,uucp_path,REJ,0,0,0,0,0,0,0,0,0,0,0,0,0,0,0,0,0,0,246,20,0,0,1,1,0.08,0.07,0,255,20,0.08,0.07,0,0,0,0,1,1,neptune
0,tcp,bgp,REJ,0,0,0,0,0,0,0,0,0,0,0,0,0,0,0,0,0,0,272,19,0,0,1,1,0.07,0.07,0,255,19,0.07,0.08,0,0,0,0,1,1,neptune
0,tcp,csnet_ns,S0,0,0,0,0,0,0,0,0,0,0,0,0,0,0,0,0,0,0,259,8,1,1,0,0,0.03,0.07,0,255,8,0.03,0.08,0,0,1,1,0,0,neptune
240,tcp,http,SF,328,275,0,0,0,0,0,1,0,0,0,0,0,0,0,0,0,0,9,10,0,0,0,0.1,1,0,0.2,255,250,0.98,0.01,0,0,0,0,0,0,normal
0,tcp,bgp,S0,0,0,0,0,0,0,0,0,0,0,0,0,0,0,0,0,0,0,294,6,1,1,0,0,0.02,0.05,0,255,8,0.03,0.07,0,0,1,1,0,0,neptune
0,tcp,finger,SF,9,138,0,0,0,0,0,0,0,0,0,0,0,0,0,0,0,0,1,1,0,0,0,0,1,0,0,195,10,0.03,0.03,0.01,0.2,0.01,0,0.01,0,normal
0,udp,domain_u,SF,46,46,0,0,0,0,0,0,0,0,0,0,0,0,0,0,0,0,96,178,0,0,0,0,1,0,0.02,255,254,1,0.01,0.01,0,0,0,0,0,normal
1,tcp,smtp,SF,1079,334,0,0,0,0,0,1,0,0,0,0,1,0,0,0,0,0,1,1,0,0,0,0,1,0,0,138,167,0.57,0.03,0.01,0.01,0,0,0,0,normal
0,udp,domain_u,SF,45,139,0,0,0,0,0,0,0,0,0,0,0,0,0,0,0,0,79,159,0,0,0,0,1,0,0.01,255,254,1,0.01,0,0,0,0,0,0,normal
26,tcp,ftp,SF,273,903,0,0,0,5,0,1,0,0,0,0,0,0,0,0,0,1,1,1,0,0,0,0,1,0,0,176,49,0.28,0.02,0.01,0,0.01,0.02,0,0,normal
0,tcp,private,S0,0,0,0,0,0,0,0,0,0,0,0,0,0,0,0,0,0,0,190,20,1,1,0,0,0.11,0.06,0,255,20,0.08,0.08,0,0,1,1,0,0,neptune
0,tcp,ldap,REJ,0,0,0,0,0,0,0,0,0,0,0,0,0,0,0,0,0,0,135,5,0,0,1,1,0.04,0.06,0,255,1,0,0.07,0,0,0,0,1,1,neptune
0,tcp,http,SF,237,138,0,0,0,0,0,1,0,0,0,0,0,0,0,0,0,0,2,2,0,0,0,0,1,0,0,2,2,1,0,0.5,0,0,0,0,0,normal
0,tcp,http,SF,225,1357,0,0,0,0,0,1,0,0,0,0,0,0,0,0,0,0,1,1,0,0,0,0,1,0,0,5,255,1,0,0.2,0.02,0,0,0,0,normal
0,tcp,private,S0,0,0,0,0,0,0,0,0,0,0,0,0,0,0,0,0,0,0,123,7,1,1,0,0,0.06,0.06,0,255,7,0.03,0.08,0,0,1,1,0,0,neptune
0,tcp,supdup,S0,0,0,0,0,0,0,0,0,0,0,0,0,0,0,0,0,0,0,245,20,1,1,0,0,0.08,0.06,0,255,7,0.03,0.07,0,0,1,1,0,0,neptune
0,udp,other,SF,147,0,0,0,0,0,0,0,0,0,0,0,0,0,0,0,0,0,3,1,0,0,0,0,0.33,0.67,0,255,1,0,0.61,0.97,0,0,0,0,0,normal
0,tcp,http,SF,262,1011,0,0,0,0,0,1,0,0,0,0,0,0,0,0,0,0,3,4,0,0,0,0,1,0,0.5,94,255,1,0,0.02,0.01,0,0,0,0,normal
0,icmp,ecr_i,SF,1032,0,0,0,0,0,0,0,0,0,0,0,0,0,0,0,0,0,263,263,0,0,0,0,1,0,0,255,255,1,0,1,0,0,0,0,0,smurf
0,tcp,private,S0,0,0,0,0,0,0,0,0,0,0,0,0,0,0,0,0,0,0,109,13,1,1,0,0,0.12,0.06,0,255,7,0.03,0.06,0,0,1,1,0,0,neptune
0,tcp,http,SF,261,8412,0,0,0,0,0,1,0,0,0,0,0,0,0,0,0,0,9,9,0,0,0,0,1,0,0,255,255,1,0,0,0,0,0,0,0,normal
0,tcp,bgp,REJ,0,0,0,0,0,0,0,0,0,0,0,0,0,0,0,0,0,0,145,8,0,0,1,1,0.06,0.08,0,255,8,0.03,0.09,0,0,0,0,1,1,neptune
0,tcp,netbios_dgm,REJ,0,0,0,0,0,0,0,0,0,0,0,0,0,0,0,0,0,0,250,2,0,0,1,1,0.01,0.07,0,255,2,0.01,0.07,0,0,0,0,1,1,neptune
0,tcp,http,SF,294,1719,0,0,0,0,0,1,0,0,0,0,0,0,0,0,0,0,8,8,0,0,0,0,1,0,0,108,255,1,0,0.01,0.01,0,0,0,0,normal
0,tcp,http,SF,221,981,0,0,0,0,0,1,0,0,0,0,0,0,0,0,0,0,2,3,0,0,0,0,1,0,0.67,50,82,1,0,0.02,0.04,0,0,0,0,normal
0,tcp,http,SF,284,10352,0,0,0,0,0,1,0,0,0,0,0,0,0,0,0,0,2,2,0,0,0,0,1,0,0,11,255,1,0,0.09,0.07,0,0,0,0,normal
0,tcp,gopher,SH,0,0,0,0,0,0,0,0,0,0,0,0,0,0,0,0,0,0,1,1,1,1,0,0,1,0,0,255,1,0,1,1,0,1,1,0,0,nmap
0,tcp,http,SF,309,16096,0,0,0,0,0,1,0,0,0,0,0,0,0,0,0,0,3,3,0,0,0,0,1,0,0,31,129,1,0,0.03,0.02,0,0,0,0,normal
0,tcp,ftp_data,SF,334,0,0,0,0,0,0,1,0,0,0,0,0,0,0,0,0,0,2,2,0,0,0,0,1,0,0,6,26,1,0,1,0.19,0,0,0,0,warezclient
0,tcp,telnet,S0,0,0,0,0,0,0,0,0,0,0,0,0,0,0,0,0,0,0,13,4,1,1,0,0,0.31,0.31,0,255,64,0.25,0.02,0.01,0,1,1,0,0,neptune
0,tcp,private,S0,0,0,0,0,0,0,0,0,0,0,0,0,0,0,0,0,0,0,87,1,1,1,0,0,0.01,0.07,0,255,1,0,0.06,0,0,1,1,0,0,neptune
0,tcp,http,SF,214,283,0,0,0,0,0,1,0,0,0,0,0,0,0,0,0,0,2,2,0,0,0,0,1,0,0,27,255,1,0,0.04,0.05,0,0.01,0,0,normal
0,tcp,vmnet,S0,0,0,0,0,0,0,0,0,0,0,0,0,0,0,0,0,0,0,292,13,1,1,0,0,0.04,0.05,0,255,14,0.05,0.08,0,0,1,1,0,0,neptune
0,tcp,systat,S0,0,0,0,0,0,0,0,0,0,0,0,0,0,0,0,0,0,0,295,18,1,1,0,0,0.06,0.05,0,255,1,0,0.08,0,0,1,1,0,0,neptune
0,tcp,http_443,S0,0,0,0,0,0,0,0,0,0,0,0,0,0,0,0,0,0,0,143,15,1,1,0,0,0.1,0.06,0,255,15,0.06,0.05,0,0,1,1,0,0,neptune
0,udp,domain_u,SF,46,78,0,0,0,0,0,0,0,0,0,0,0,0,0,0,0,0,278,277,0,0,0,0,1,0.01,0,255,254,1,0.01,0,0,0,0,0,0,normal
0,tcp,ftp_data,SF,748,0,0,0,0,0,0,1,0,0,0,9,0,0,0,0,0,0,1,1,0,0,0,0,1,0,0,6,92,0.83,0.33,0.83,0.03,0,0,0,0,normal
0,tcp,efs,S0,0,0,0,0,0,0,0,0,0,0,0,0,0,0,0,0,0,0,102,19,1,1,0,0,0.19,0.06,0,255,18,0.07,0.06,0,0,1,1,0,0,neptune
0,icmp,eco_i,SF,8,0,0,0,0,0,0,0,0,0,0,0,0,0,0,0,0,0,1,46,0,0,0,0,1,0,1,1,15,1,0,1,0.53,0,0,0,0,ipsweep
0,tcp,whois,S0,0,0,0,0,0,0,0,0,0,0,0,0,0,0,0,0,0,0,251,3,1,1,0,0,0.01,0.07,0,255,3,0.01,0.08,0,0,1,1,0,0,neptune
0,tcp,http,SF,329,8437,0,0,0,0,0,1,0,0,0,0,0,0,0,0,0,0,4,4,0,0,0,0,1,0,0,83,255,1,0,0.01,0.04,0,0,0,0,normal
0,tcp,ftp_data,SF,9,0,0,0,0,0,0,1,0,0,0,0,0,0,0,0,0,0,2,2,0,0,0,0,1,0,0,185,119,0.5,0.38,0.5,0.02,0,0,0.37,0.01,normal
0,udp,domain_u,SF,46,128,0,0,0,0,0,0,0,0,0,0,0,0,0,0,0,0,222,302,0,0,0,0,1,0,0.01,255,253,0.99,0.01,0,0,0,0,0,0,normal
0,tcp,ftp_data,SF,1766,0,0,0,0,0,0,1,0,0,0,0,0,0,0,0,0,0,2,2,0,0,0,0,1,0,0,255,6,0.02,0.02,0.02,0,0,0,0.83,0,normal
0,tcp,remote_job,S0,0,0,0,0,0,0,0,0,0,0,0,0,0,0,0,0,0,0,260,4,1,1,0,0,0.02,0.06,0,255,4,0.02,0.07,0,0,1,1,0,0,neptune
9015,tcp,other,RSTR,1,0,0,0,0,0,0,0,0,0,0,0,0,0,0,0,0,0,2,2,0,0,1,1,1,0,0,255,2,0.01,0.74,1,0,0,0,1,1,portsweep
7,tcp,finger,SF,8,135,0,0,0,0,0,0,0,0,0,0,0,0,0,0,0,0,1,1,0,0,0,0,1,0,0,196,6,0.03,0.03,0.01,0.33,0,0,0.01,0,normal
0,tcp,http,SF,266,529,0,0,0,0,0,1,0,0,0,0,0,0,0,0,0,0,1,6,0,0,0,0,1,0,0.67,94,255,1,0,0.01,0.02,0,0,0,0,normal
0,tcp,ftp_data,SF,245,0,0,0,0,0,0,0,0,0,0,0,0,0,0,0,0,0,3,2,0,0,0,0,0.67,0.67,0,99,68,0.32,0.06,0.32,0.03,0,0,0,0,normal
0,tcp,http,SF,295,465,0,0,0,0,0,1,0,0,0,0,0,0,0,0,0,0,11,12,0,0,0,0,1,0,0.17,69,255,1,0,0.01,0.04,0,0,0,0,normal
0,tcp,gopher,S0,0,0,0,0,0,0,0,0,0,0,0,0,0,0,0,0,0,0,44,12,1,1,0,0,0.27,0.11,0,255,12,0.05,0.08,0,0,1,1,0,0,neptune
0,tcp,http,SF,228,6834,0,0,0,0,0,1,0,0,0,0,0,0,0,0,0,0,2,7,0,0,0,0,1,0,0.57,18,19,1,0,0.06,0.11,0,0,0,0,normal
0,icmp,ecr_i,SF,1032,0,0,0,0,0,0,0,0,0,0,0,0,0,0,0,0,0,511,511,0,0,0,0,1,0,0,255,212,0.83,0.02,0.83,0,0,0,0,0,smurf
0,tcp,imap4,REJ,0,0,0,0,0,0,0,0,0,0,0,0,0,0,0,0,0,0,272,15,0,0,1,1,0.06,0.06,0,255,15,0.06,0.07,0,0,0,0,1,1,neptune
0,tcp,private,S0,0,0,0,0,0,0,0,0,0,0,0,0,0,0,0,0,0,0,122,19,0.99,1,0,0,0.16,0.07,0,255,19,0.07,0.05,0,0,1,1,0,0,neptune
0,tcp,whois,S0,0,0,0,0,0,0,0,0,0,0,0,0,0,0,0,0,0,0,287,3,1,1,0,0,0.01,0.05,0,255,3,0.01,0.05,0,0,1,1,0,0,neptune
0,tcp,http,REJ,0,0,0,0,0,0,0,0,0,0,0,0,0,0,0,0,0,0,1,3,0,0,1,1,1,0,1,118,195,1,0,0.01,0.02,0,0,0.74,0.84,normal
0,tcp,other,REJ,0,0,0,0,0,0,0,0,0,0,0,0,0,0,0,0,0,0,486,1,0.08,0,0.89,1,0,0.95,0,255,1,0,0.91,0,0,0.11,0,0.89,1,satan
0,udp,other,SF,1,0,0,0,0,0,0,0,0,0,0,0,0,0,0,0,0,0,22,6,0,0,0,0,0.27,0.09,0,255,6,0.02,0.06,1,0,0,0,0,0,satan
0,tcp,iso_tsap,S0,0,0,0,0,0,0,0,0,0,0,0,0,0,0,0,0,0,0,286,9,1,1,0,0,0.03,0.06,0,255,11,0.04,0.07,0,0,1,1,0,0,neptune
0,icmp,ecr_i,SF,30,0,0,0,0,0,0,0,0,0,0,0,0,0,0,0,0,0,1,1,0,0,0,0,1,0,0,247,247,1,0,1,0,0,0,0,0,normal
1,tcp,smtp,SF,2078,333,0,0,0,0,0,1,0,0,0,0,0,0,0,0,0,0,1,2,0,0,0,0,1,0,1,89,117,0.31,0.03,0.01,0.02,0,0,0,0,normal
0,tcp,ftp_data,SF,19,0,0,0,0,0,0,0,0,0,0,0,0,0,0,0,0,0,1,1,0,0,0,0,1,0,0,201,5,0.02,0.04,0.02,0,0,0,0,0,normal
0,tcp,smtp,SF,661,329,0,0,0,0,0,1,0,0,0,0,0,0,0,0,0,0,1,1,0,0,0,0,1,0,0,163,69,0.36,0.02,0.01,0.03,0,0,0,0,normal
0,udp,private,SF,28,0,0,3,0,0,0,0,0,0,0,0,0,0,0,0,0,0,35,34,0,0,0.03,0,0.97,0.06,0,255,34,0.13,0.02,0.13,0,0,0,0.67,0,teardrop
0,tcp,ftp_data,S0,0,0,0,0,0,0,0,0,0,0,0,0,0,0,0,0,0,0,28,2,1,1,0,0,0.07,0.14,0,255,42,0.16,0.03,0,0,1,1,0,0,neptune
0,tcp,private,S0,0,0,0,0,0,0,0,0,0,0,0,0,0,0,0,0,0,0,108,18,1,1,0,0,0.17,0.07,0,255,18,0.07,0.07,0,0,1,1,0,0,neptune
0,tcp,private,S0,0,0,0,0,0,0,0,0,0,0,0,0,0,0,0,0,0,0,101,5,1,1,0,0,0.05,0.06,0,255,15,0.06,0.07,0,0,1,1,0,0,neptune
0,tcp,smtp,SF,1075,364,0,0,0,0,0,1,0,0,0,0,0,0,0,0,0,0,1,2,0,0,0,0,1,0,1,255,100,0.39,0.17,0,0,0,0,0,0,normal
0,tcp,http,SF,223,656,0,0,0,0,0,1,0,0,0,0,0,0,0,0,0,0,12,21,0,0,0,0,1,0,0.14,172,255,1,0,0.01,0.02,0,0,0,0,normal
15159,tcp,ftp,SF,350,1185,0,0,0,6,0,1,0,0,0,0,0,0,0,0,0,1,1,2,0,0,0,0,1,0,1,255,142,0.56,0.02,0,0,0,0,0,0,warezclient
0,tcp,http,SF,233,2470,0,0,0,0,0,1,0,0,0,0,0,0,0,0,0,0,10,10,0,0,0,0,1,0,0,32,255,1,0,0.03,0.01,0,0,0,0,normal
0,tcp,private,S0,0,0,0,0,0,0,0,0,0,0,0,0,0,0,0,0,0,0,223,10,1,1,0,0,0.04,0.07,0,255,9,0.04,0.05,0,0,1,1,0,0,neptune
0,tcp,echo,S0,0,0,0,0,0,0,0,0,0,0,0,0,0,0,0,0,0,0,223,17,1,1,0,0,0.08,0.06,0,255,17,0.07,0.06,0,0,1,1,0,0,neptune
0,tcp,http,SF,201,1938,0,0,0,0,0,1,0,0,0,0,0,0,0,0,0,0,19,34,0,0,0,0,1,0,0.06,44,255,1,0,0.02,0.03,0,0,0,0,normal
0,tcp,http,SF,271,4781,0,0,0,0,0,1,0,0,0,0,0,0,0,0,0,0,4,7,0,0,0,0,1,0,0.29,11,28,1,0,0.09,0.25,0,0,0,0,normal
0,tcp,ftp_data,SF,14416,0,0,0,0,0,0,1,0,0,0,0,0,0,0,0,0,0,1,1,0,0,0,0,1,0,0,205,50,0.19,0.02,0.19,0.04,0,0,0,0,normal
0,tcp,http,SF,227,11564,0,0,0,0,0,1,0,0,0,0,0,0,0,0,0,0,5,6,0,0,0,0,1,0,0.33,41,52,1,0,0.02,0.04,0,0,0,0,normal
0,tcp,private,REJ,0,0,0,0,0,0,0,0,0,0,0,0,0,0,0,0,0,0,406,1,0,0,1,1,0,0.52,0,255,1,0,0.52,1,0,0,0,1,1,portsweep
0,tcp,http,SF,225,2445,0,0,0,0,0,1,0,0,0,0,0,0,0,0,0,0,4,5,0,0,0,0,1,0,0.4,255,255,1,0,0,0,0,0,0,0,normal
0,tcp,http,SF,176,426,0,0,0,0,0,1,0,0,0,0,0,0,0,0,0,0,6,6,0,0,0,0,1,0,0,255,255,1,0,0,0,0,0,0,0,normal
0,tcp,klogin,S0,0,0,0,0,0,0,0,0,0,0,0,0,0,0,0,0,0,0,143,14,1,1,0,0,0.1,0.06,0,255,14,0.05,0.06,0,0,1,1,0,0,neptune
0,tcp,http,SF,227,762,0,0,0,0,0,1,0,0,0,0,0,0,0,0,0,0,17,17,0,0,0,0,1,0,0,202,255,1,0,0,0.02,0,0,0,0,normal
0,tcp,smtp,SF,855,575,0,0,0,0,0,1,0,0,0,0,0,0,0,0,0,0,1,1,0,0,0,0,1,0,0,255,20,0.08,0.02,0,0,0,0,0,0,normal
0,tcp,smtp,SF,944,330,0,0,0,0,0,1,0,0,0,0,0,0,0,0,0,0,1,1,0,0,0,0,1,0,0,214,166,0.63,0.02,0,0.01,0,0,0,0,normal
0,tcp,smtp,SF,954,326,0,0,0,0,0,1,0,0,0,0,0,0,0,0,0,0,2,1,0,0,0,0,0.5,1,0,28,104,0.71,0.11,0.04,0.02,0,0,0,0,normal
0,tcp,uucp_path,S0,0,0,0,0,0,0,0,0,0,0,0,0,0,0,0,0,0,0,201,18,1,1,0,0,0.09,0.06,0,255,18,0.07,0.07,0,0,1,1,0,0,neptune
0,tcp,http,SF,166,34660,0,0,0,0,0,1,0,0,0,0,0,0,0,0,0,0,1,1,0,0,0,0,1,0,0,16,255,1,0,0.06,0.06,0,0,0,0,normal
0,tcp,http,SF,306,2698,0,0,0,0,0,1,0,0,0,0,0,0,1,0,0,0,4,5,0,0,0,0.2,1,0,0.4,255,240,0.94,0.01,0,0,0,0,0.01,0,normal
0,tcp,netbios_ns,S0,0,0,0,0,0,0,0,0,0,0,0,0,0,0,0,0,0,0,124,19,1,1,0,0,0.15,0.05,0,255,19,0.07,0.05,0,0,1,1,0,0,neptune
0,tcp,private,REJ,0,0,0,0,0,0,0,0,0,0,0,0,0,0,0,0,0,0,162,1,0.05,0,0.94,1,0.01,1,0,255,1,0,0.8,0,0,0.03,0,0.61,1,satan
0,icmp,ecr_i,SF,1480,0,0,1,0,0,0,0,0,0,0,0,0,0,0,0,0,0,2,4,0,0,0,0,1,0,0.5,2,38,1,0,1,0.5,0,0,0,0,pod
0,tcp,iso_tsap,S0,0,0,0,0,0,0,0,0,0,0,0,0,0,0,0,0,0,0,277,17,1,1,0,0,0.06,0.05,0,255,17,0.07,0.07,0,0,1,1,0,0,neptune
0,tcp,http,SF,313,8549,0,0,0,0,0,1,0,0,0,0,0,0,0,0,0,0,4,4,0,0,0,0,1,0,0,255,255,1,0,0,0,0,0,0,0,normal
0,tcp,link,S0,0,0,0,0,0,0,0,0,0,0,0,0,0,0,0,0,0,0,274,22,1,1,0,0,0.08,0.05,0,255,22,0.09,0.05,0,0,1,1,0,0,neptune
0,tcp,sunrpc,S0,0,0,0,0,0,0,0,0,0,0,0,0,0,0,0,0,0,0,141,12,1,1,0,0,0.09,0.06,0,255,16,0.06,0.06,0,0,1,1,0,0,neptune
0,tcp,http,SF,285,6008,0,0,0,0,0,1,0,0,0,0,0,0,0,0,0,0,3,3,0,0,0,0,1,0,0,128,255,1,0,0.01,0.01,0,0,0.01,0,normal
0,tcp,http,SF,226,1411,0,0,0,0,0,1,0,0,0,0,0,0,0,0,0,0,8,23,0,0,0,0,1,0,0.13,37,255,1,0,0.03,0.02,0,0,0,0,normal
0,tcp,http,SF,256,12984,0,0,0,0,0,1,0,0,0,0,0,0,0,0,0,0,1,1,0,0,0,0,1,0,0,34,255,1,0,0.03,0.04,0,0,0,0,normal
1,tcp,smtp,SF,3740,449,0,0,0,0,0,1,0,0,0,0,0,0,0,0,0,0,1,3,0,0,0,0,1,0,1,193,185,0.68,0.02,0.01,0.01,0,0,0,0,normal
0,tcp,http,SF,224,449,0,0,0,0,0,1,0,0,0,0,0,0,0,0,0,0,10,11,0.1,0.09,0,0,1,0,0.18,39,255,1,0,0.03,0.04,0.03,0,0,0,normal
0,tcp,login,S0,0,0,0,0,0,0,0,0,0,0,0,0,0,0,0,0,0,0,103,3,1,1,0,0,0.03,0.07,0,255,3,0.01,0.07,0,0,1,1,0,0,neptune
4,tcp,ftp_data,SF,832,0,0,0,0,0,0,1,0,0,0,0,0,0,0,0,0,0,1,1,0,0,0,0,1,0,0,3,28,1,0,1,0.18,0,0,0,0,warezclient
0,tcp,finger,S0,0,0,0,0,0,0,0,0,0,0,0,0,0,0,0,0,0,0,246,20,1,1,0,0,0.08,0.06,0,255,20,0.08,0.07,0,0,1,1,0,0,neptune
0,icmp,eco_i,SF,8,0,0,0,0,0,0,0,0,0,0,0,0,0,0,0,0,0,1,50,0,0,0,0,1,0,1,1,25,1,0,1,0.56,0,0,0,0,ipsweep
0,tcp,http,SF,201,169,0,0,0,0,0,1,0,0,0,0,0,0,0,0,0,0,7,7,0,0,0,0,1,0,0,29,255,1,0,0.03,0.04,0.03,0,0,0,normal
0,tcp,http,SF,285,304,0,0,0,0,0,1,0,0,0,0,0,0,0,0,0,0,32,34,0,0,0,0,1,0,0.09,101,255,1,0,0.01,0.03,0,0,0,0,normal
0,tcp,kshell,S0,0,0,0,0,0,0,0,0,0,0,0,0,0,0,0,0,0,0,125,24,1,1,0,0,0.19,0.05,0,255,24,0.09,0.05,0,0,1,1,0,0,neptune
0,tcp,ftp_data,SF,7422,0,0,0,0,0,0,1,0,0,0,0,0,0,0,0,0,0,8,8,0,0,0,0,1,0,0,255,44,0.17,0.02,0.17,0,0,0,0.72,0,normal
0,tcp,http,SF,198,12884,0,0,0,0,0,1,0,0,0,0,0,0,0,0,0,0,2,2,0,0,0,0,1,0,0,2,2,1,0,0.5,0,0,0,0,0,normal
20,tcp,smtp,SF,2310,328,0,0,0,0,0,1,0,0,0,0,0,0,0,0,0,0,1,3,0,0,0,0,1,0,1,255,157,0.62,0.02,0,0,0,0,0,0,normal
0,tcp,http,SF,331,955,0,0,0,0,0,1,0,0,0,0,0,0,0,0,0,0,6,6,0,0,0,0,1,0,0,38,255,1,0,0.03,0.01,0,0,0,0,normal
0,icmp,urp_i,SF,65,0,0,0,0,0,0,0,0,0,0,0,0,0,0,0,0,0,9,2,0,0,0,0,0.22,0.22,0,255,16,0.06,0.01,0.06,0,0,0,0,0,normal
0,udp,private,SF,28,0,0,3,0,0,0,0,0,0,0,0,0,0,0,0,0,0,4,4,0,0,0,0,1,0,0,255,71,0.28,0.01,0.28,0,0,0,0,0,teardrop
0,udp,domain_u,SF,45,77,0,0,0,0,0,0,0,0,0,0,0,0,0,0,0,0,171,173,0,0,0,0,1,0,0.01,255,232,0.91,0.01,0,0,0,0,0,0,normal
0,tcp,ftp,RSTO,0,0,0,0,0,0,0,0,0,0,0,0,0,0,0,0,0,0,250,3,0,0,1,1,0.01,0.06,0,255,3,0.01,0.07,0,0,0,0,1,1,neptune
0,tcp,auth,S0,0,0,0,0,0,0,0,0,0,0,0,0,0,0,0,0,0,0,238,7,1,1,0,0,0.03,0.07,0,255,7,0.03,0.07,0,0,1,1,0,0,neptune
0,tcp,kshell,S0,0,0,0,0,0,0,0,0,0,0,0,0,0,0,0,0,0,0,102,2,1,1,0,0,0.02,0.07,0,255,2,0.01,0.06,0,0,1,1,0,0,neptune
0,tcp,finger,SF,9,142,0,0,0,0,0,0,0,0,0,0,0,0,0,0,0,0,1,1,0,0,0,0,1,0,0,235,12,0.05,0.03,0,0,0,0,0,0,normal
0,tcp,http,SF,283,912,0,0,0,0,0,1,0,0,0,0,0,0,0,0,0,0,2,2,0,0,0,0,1,0,0,75,255,1,0,0.01,0.03,0,0,0,0,normal
0,tcp,http,SF,221,1789,0,0,0,0,0,1,0,0,0,0,0,0,0,0,0,0,2,10,0.5,0.1,0,0.1,1,0,0.4,73,255,1,0,0.01,0.02,0.01,0,0,0,normal
0,icmp,eco_i,SF,18,0,0,0,0,0,0,0,0,0,0,0,0,0,0,0,0,0,1,1,0,0,0,0,1,0,0,1,123,1,0,1,1,0,0,0,0,ipsweep
0,tcp,vmnet,S0,0,0,0,0,0,0,0,0,0,0,0,0,0,0,0,0,0,0,281,2,1,1,0,0,0.01,0.06,0,255,3,0.01,0.07,0,0,1,1,0,0,neptune
0,tcp,telnet,S0,0,0,0,0,0,0,0,0,0,0,0,0,0,0,0,0,0,0,30,2,1,1,0,0,0.07,0.13,0,255,52,0.2,0.03,0,0,1,1,0,0,neptune
0,tcp,ftp_data,S0,0,0,0,0,0,0,0,0,0,0,0,0,0,0,0,0,0,0,276,8,1,1,0,0,0.03,0.06,0,255,8,0.03,0.06,0,0,1,1,0,0,neptune
0,tcp,http,SF,302,1380,0,0,0,0,0,1,0,0,0,0,0,0,0,0,0,0,5,5,0,0,0,0,1,0,0,212,187,0.88,0.02,0,0,0,0.01,0,0.01,normal
0,tcp,private,S0,0,0,0,0,0,0,0,0,0,0,0,0,0,0,0,0,0,0,163,9,1,1,0,0,0.06,0.09,0,255,9,0.04,0.1,0,0,1,1,0,0,neptune
0,icmp,eco_i,SF,8,0,0,0,0,0,0,0,0,0,0,0,0,0,0,0,0,0,1,21,0,0,0,0,1,0,1,2,60,1,0,1,0.5,0,0,0,0,ipsweep
0,tcp,private,S0,0,0,0,0,0,0,0,0,0,0,0,0,0,0,0,0,0,0,301,20,1,1,0,0,0.07,0.06,0,255,19,0.07,0.05,0,0,1,1,0,0,neptune
0,tcp,http,SF,355,870,0,0,0,0,0,1,0,0,0,0,0,0,0,0,0,0,28,28,0,0,0,0,1,0,0,255,255,1,0,0,0,0,0,0,0,normal
0,icmp,eco_i,SF,8,0,0,0,0,0,0,0,0,0,0,0,0,0,0,0,0,0,1,23,0,0,0,0,1,0,1,1,63,1,0,1,0.51,0,0,0,0,ipsweep
18,tcp,telnet,SF,106,1468,0,0,0,0,0,0,0,0,0,0,0,0,0,0,0,0,1,1,0,0,0,0,1,0,0,117,1,0.01,0.04,0.01,0,0,0,0,0,normal
0,tcp,http,SF,286,1423,0,0,0,0,0,1,0,0,0,0,0,0,0,0,0,0,16,16,0,0,0,0,1,0,0,64,255,1,0,0.02,0.05,0,0,0,0,normal
9235,tcp,other,RSTR,1,0,0,0,0,0,0,0,0,0,0,0,0,0,0,0,0,0,2,2,0,0,1,1,1,0,0,255,2,0.01,0.74,1,0,0,0,1,1,portsweep
0,tcp,sql_net,SH,0,0,0,0,0,0,0,0,0,0,0,0,0,0,0,0,0,0,1,1,1,1,0,0,1,0,0,255,1,0,1,1,0,1,1,0,0,nmap
0,icmp,ecr_i,SF,1032,0,0,0,0,0,0,0,0,0,0,0,0,0,0,0,0,0,46,46,0,0,0,0,1,0,0,255,46,0.18,0.02,0.18,0,0,0,0,0,smurf
0,tcp,http,SF,168,9551,0,0,0,0,0,1,0,0,0,0,0,0,0,0,0,0,1,2,0,0,0,0,1,0,1,230,255,1,0,0.01,0.01,0,0,0,0,normal
0,tcp,http,SF,238,864,0,0,0,0,0,1,0,0,0,0,0,0,0,0,0,0,39,39,0,0,0,0,1,0,0,137,255,1,0,0.01,0.01,0,0,0,0,normal
0,tcp,private,RSTR,0,0,0,0,0,0,0,0,0,0,0,0,0,0,0,0,0,0,1,1,0,0,1,1,1,0,0,255,1,0,0.38,0.36,0,0,0,0.37,1,portsweep
0,tcp,http,SF,291,10369,0,0,0,0,0,1,0,0,0,0,0,0,0,0,0,0,6,6,0,0,0,0,1,0,0,13,255,1,0,0.08,0.05,0,0,0,0,normal
0,tcp,vmnet,S0,0,0,0,0,0,0,0,0,0,0,0,0,0,0,0,0,0,0,211,22,1,1,0,0,0.1,0.05,0,255,22,0.09,0.05,0,0,1,1,0,0,neptune
0,tcp,smtp,SF,749,330,0,0,0,0,0,1,0,0,0,0,0,0,0,0,0,0,1,1,0,0,0,0,1,0,0,27,129,0.74,0.11,0.04,0.02,0,0,0,0,normal
0,tcp,http,SF,198,6924,0,0,0,0,0,1,0,0,0,0,0,0,0,0,0,0,12,12,0,0,0,0,1,0,0,230,255,1,0,0,0.01,0,0,0.01,0.01,normal
0,tcp,mtp,REJ,0,0,0,0,0,0,0,0,0,0,0,0,0,0,0,0,0,0,280,11,0,0,1,1,0.04,0.06,0,255,11,0.04,0.07,0,0,0,0,1,1,neptune
0,tcp,http,SF,167,709,0,0,0,0,0,1,0,0,0,0,0,0,0,0,0,0,1,4,0,0,0,0.25,1,0,0.75,5,255,1,0,0.2,0.02,0,0,0,0,normal
0,tcp,http,SF,241,851,0,0,0,0,0,1,0,0,0,0,0,0,0,0,0,0,17,35,0,0,0,0,1,0,0.06,127,255,1,0,0.01,0.03,0,0,0,0,normal
0,tcp,http,SF,337,3360,0,0,0,0,0,1,0,0,0,0,0,0,0,0,0,0,6,6,0,0,0,0,1,0,0,255,255,1,0,0,0,0,0,0,0,normal
0,tcp,smtp,SF,729,328,0,0,0,0,0,1,0,0,0,0,0,0,0,0,0,0,1,1,0,0,0,0,1,0,0,106,156,0.41,0.04,0.01,0.01,0,0.01,0,0,normal
0,icmp,eco_i,SF,8,0,0,0,0,0,0,0,0,0,0,0,0,0,0,0,0,0,1,44,0,0,0,0,1,0,1,1,111,1,0,1,0.51,0,0,0,0,ipsweep
0,tcp,csnet_ns,S0,0,0,0,0,0,0,0,0,0,0,0,0,0,0,0,0,0,0,201,1,1,1,0,0,0,0.06,0,255,4,0.02,0.07,0,0,1,1,0,0,neptune
0,tcp,http,SF,222,1483,0,0,0,0,0,1,0,0,0,0,0,0,0,0,0,0,3,3,0,0,0,0,1,0,0,255,255,1,0,0.01,0,0,0,0,0,normal
0,tcp,auth,REJ,0,0,0,0,0,0,0,0,0,0,0,0,0,0,0,0,0,0,276,14,0,0,1,1,0.05,0.06,0,255,14,0.05,0.07,0,0,0,0,1,1,neptune
0,tcp,http,REJ,0,0,0,0,0,0,0,0,0,0,0,0,0,0,0,0,0,0,1,1,0,0,1,1,1,0,0,7,255,1,0,0.14,0.24,0,0,1,0.91,normal
0,udp,domain_u,SF,46,134,0,0,0,0,0,0,0,0,0,0,0,0,0,0,0,0,145,225,0,0,0,0,1,0,0.01,255,255,1,0,0,0,0,0,0,0,normal
0,tcp,http,SF,246,2719,0,0,0,0,0,1,0,0,0,0,0,0,0,0,0,0,1,1,0,0,0,0,1,0,0,1,255,1,0,1,0.07,0,0,0,0,normal
0,tcp,http,SF,222,771,0,0,0,0,0,1,0,0,0,0,0,0,0,0,0,0,8,8,0,0,0,0,1,0,0,45,255,1,0,0.02,0.02,0,0,0,0,normal
0,tcp,vmnet,S0,0,0,0,0,0,0,0,0,0,0,0,0,0,0,0,0,0,0,258,10,1,1,0,0,0.04,0.05,0,255,10,0.04,0.05,0,0,1,1,0,0,neptune
0,tcp,private,S0,0,0,0,0,0,0,0,0,0,0,0,0,0,0,0,0,0,0,256,12,1,1,0,0,0.05,0.06,0,255,10,0.04,0.07,0,0,1,1,0,0,neptune
409,tcp,telnet,SF,279,9598,0,0,0,0,0,1,2,0,0,0,0,0,0,0,0,0,1,1,0,0,0,0,1,0,0,251,113,0.45,0.01,0,0,0.8,0.88,0,0,normal
0,tcp,http,SF,226,651,0,0,0,0,0,1,0,0,0,0,0,0,0,0,0,0,12,12,0,0,0,0,1,0,0,255,255,1,0,0.01,0,0,0,0,0,normal
0,tcp,http,SF,299,447,0,0,0,0,0,1,0,0,0,0,0,0,0,0,0,0,26,44,0,0,0,0,1,0,0.07,255,255,1,0,0,0,0,0,0,0,normal
0,tcp,http,S0,0,0,0,0,0,0,0,0,0,0,0,0,0,0,0,0,0,0,14,6,1,1,0,0,0.43,0.29,0,94,26,0.28,0.04,0.01,0,1,1,0,0,neptune
0,tcp,ftp_data,SF,12,0,0,0,0,0,0,1,0,0,0,0,0,0,0,0,0,0,2,2,0,0,0,0,1,0,0,11,88,0.36,0.27,0.36,0.02,0,0.01,0,0,normal
0,tcp,http,SF,281,1951,0,0,0,0,0,1,0,0,0,0,0,0,0,0,0,0,30,31,0,0,0,0,1,0,0.06,77,255,1,0,0.01,0.03,0,0.01,0,0,normal
0,tcp,bgp,S0,0,0,0,0,0,0,0,0,0,0,0,0,0,0,0,0,0,0,138,25,1,1,0,0,0.18,0.05,0,255,25,0.1,0.05,0,0,1,1,0,0,neptune
0,udp,domain_u,SF,42,42,0,0,0,0,0,0,0,0,0,0,0,0,0,0,0,0,4,6,0,0,0,0,1,0,0.5,255,245,0.96,0.01,0.01,0,0,0,0,0,normal
0,tcp,ftp,S0,0,0,0,0,0,0,0,0,0,0,0,0,0,0,0,0,0,0,300,7,1,1,0,0,0.02,0.06,0,255,7,0.03,0.07,0,0,1,1,0,0,neptune
0,tcp,time,S0,0,0,0,0,0,0,0,0,0,0,0,0,0,0,0,0,0,0,199,9,1,1,0,0,0.05,0.07,0,255,9,0.04,0.07,0,0,1,1,0,0,neptune
0,tcp,http,SF,263,453,0,0,0,0,0,1,0,0,0,0,0,0,0,0,0,0,15,15,0,0,0,0,1,0,0,255,255,1,0,0,0,0,0,0,0,normal
36613,tcp,private,RSTR,1,0,0,0,0,0,0,0,0,0,0,0,0,0,0,0,0,0,2,2,0,0,1,1,1,0,0,255,2,0.01,0.5,1,0,0,0,1,1,portsweep
0,tcp,ftp,RSTO,0,0,0,0,0,0,0,0,0,0,0,0,0,0,0,0,0,0,1,1,0,0,1,1,1,0,0,212,43,0.2,0.02,0,0,0,0,0.06,0.12,normal
0,tcp,private,S0,0,0,0,0,0,0,0,0,0,0,0,0,0,0,0,0,0,0,144,15,1,1,0,0,0.1,0.06,0,255,30,0.12,0.06,0,0,1,1,0,0,neptune
0,tcp,sql_net,S0,0,0,0,0,0,0,0,0,0,0,0,0,0,0,0,0,0,0,104,4,1,1,0,0,0.04,0.07,0,255,18,0.07,0.07,0,0,1,1,0,0,neptune
0,tcp,http,SF,283,1980,0,0,0,0,0,1,0,0,0,0,0,0,0,0,0,0,18,18,0,0,0,0,1,0,0,18,255,1,0,0.06,0.03,0,0,0,0,normal
0,tcp,http,SF,161,5530,0,0,0,0,0,1,0,0,0,0,0,0,0,0,0,0,2,2,0,0,0,0,1,0,0,2,255,1,0,0.5,0.05,0,0,0,0,normal
0,tcp,http,SF,211,321,0,0,0,0,0,1,0,0,0,0,0,0,0,0,0,0,7,11,0,0,0,0,1,0,0.27,211,255,1,0,0,0.01,0,0,0,0,normal
0,tcp,http,SF,201,1701,0,0,0,0,0,1,0,0,0,0,0,0,0,0,0,0,7,7,0,0,0,0,1,0,0,32,255,1,0,0.03,0.04,0,0,0,0,normal
0,icmp,eco_i,SF,8,0,0,0,0,0,0,0,0,0,0,0,0,0,0,0,0,0,1,25,0,0,0,0,1,0,1,4,112,1,0,1,0.25,0,0,0,0,nmap
0,udp,other,SF,147,0,0,0,0,0,0,0,0,0,0,0,0,0,0,0,0,0,3,1,0,0,0,0,0.33,0.67,0,255,1,0,0.67,0.95,0,0,0,0,0,normal
0,tcp,private,S0,0,0,0,0,0,0,0,0,0,0,0,0,0,0,0,0,0,0,74,16,1,1,0,0,0.22,0.05,0,255,5,0.02,0.06,0,0,1,1,0,0,neptune
0,tcp,ftp_data,SF,567,0,0,0,0,0,0,0,0,0,0,0,0,0,0,0,0,0,1,1,0,0,0,0,1,0,0,53,38,0.25,0.09,0.25,0.05,0,0,0,0,normal
0,tcp,hostnames,REJ,0,0,0,0,0,0,0,0,0,0,0,0,0,0,0,0,0,0,225,2,0,0,1,1,0.01,0.07,0,255,2,0.01,0.08,0,0,0,0,1,1,neptune
0,tcp,telnet,S0,0,0,0,0,0,0,0,0,0,0,0,0,0,0,0,0,0,0,66,16,0.97,1,0.03,0,0.24,0.09,0,255,52,0.2,0.04,0,0,1,1,0,0,neptune
5043,tcp,ftp_data,SF,5131424,0,0,0,0,4,0,1,0,0,0,0,0,0,0,0,0,0,1,7,0,0.14,0,0,1,0,0.29,7,42,1,0,1,0.14,0,0.02,0,0,warezclient
0,tcp,http,SF,320,420,0,0,0,0,0,1,0,0,0,0,0,0,0,0,0,0,7,7,0,0,0,0,1,0,0,255,255,1,0,0.01,0,0,0,0,0,normal
0,icmp,eco_i,SF,8,0,0,0,0,0,0,0,0,0,0,0,0,0,0,0,0,0,1,35,0,0,0,0,1,0,1,1,61,1,0,1,0.51,0,0,0,0,ipsweep
0,tcp,smtp,S0,0,0,0,0,0,0,0,0,0,0,0,0,0,0,0,0,0,0,2,2,0.5,0.5,0,0,1,0,0,160,101,0.4,0.05,0.01,0.02,0.01,0.02,0,0,normal
0,tcp,http,SF,204,1229,0,0,0,0,0,1,0,0,0,0,0,0,0,0,0,0,4,4,0,0,0,0,1,0,0,54,255,1,0,0.02,0.04,0,0,0,0,normal
0,tcp,time,RSTR,0,0,0,0,0,0,0,0,0,0,0,0,0,0,0,0,0,0,1,1,0,0,1,1,1,0,0,255,1,0,0.16,0.15,0,0,0,0.15,1,portsweep
0,tcp,ftp_data,SF,10389,0,0,0,0,0,0,1,0,0,0,0,0,0,0,0,0,0,1,1,0,0,0,0,1,0,0,255,81,0.32,0.02,0.31,0,0,0,0,0,normal
0,tcp,uucp,S0,0,0,0,0,0,0,0,0,0,0,0,0,0,0,0,0,0,0,139,13,1,1,0,0,0.09,0.06,0,255,13,0.05,0.07,0,0,1,1,0,0,neptune
0,tcp,http,SF,344,573,0,0,0,0,0,1,0,0,0,0,0,0,0,0,0,0,28,60,0.04,0.03,0,0,1,0,0.08,255,255,1,0,0,0,0,0,0,0,normal
0,tcp,exec,RSTO,0,0,0,0,0,0,0,0,0,0,0,0,0,0,0,0,0,0,144,16,0,0,1,1,0.11,0.06,0,255,9,0.04,0.06,0,0,0,0,1,1,neptune
0,tcp,netbios_dgm,S0,0,0,0,0,0,0,0,0,0,0,0,0,0,0,0,0,0,0,241,19,1,1,0,0,0.08,0.05,0,255,19,0.07,0.07,0,0,1,1,0,0,neptune
0,tcp,http,SF,243,821,0,0,0,0,0,1,0,0,0,0,0,0,0,0,0,0,15,19,0,0,0,0,1,0,0.11,107,255,1,0,0.01,0.01,0,0,0,0,normal
0,icmp,ecr_i,SF,1032,0,0,0,0,0,0,0,0,0,0,0,0,0,0,0,0,0,213,213,0,0,0,0,1,0,0,255,255,1,0,1,0,0,0,0,0,smurf
0,icmp,eco_i,SF,8,0,0,0,0,0,0,0,0,0,0,0,0,0,0,0,0,0,1,45,0,0,0,0,1,0,1,1,11,1,0,1,0.55,0,0,0,0,ipsweep
0,tcp,private,REJ,0,0,0,0,0,0,0,0,0,0,0,0,0,0,0,0,0,0,36,1,0.17,0,0.83,1,0.03,1,0,255,1,0,0.47,0,0,0.02,0,0.13,1,satan
0,udp,private,SF,105,146,0,0,0,0,0,0,0,0,0,0,0,0,0,0,0,0,3,2,0,0,0,0,0.67,0.67,0,255,239,0.94,0.01,0.01,0,0,0,0,0,normal
0,tcp,private,S0,0,0,0,0,0,0,0,0,0,0,0,0,0,0,0,0,0,0,254,17,1,1,0,0,0.07,0.05,0,255,17,0.07,0.06,0,0,1,1,0,0,neptune
1,tcp,smtp,SF,1080,327,0,0,0,0,0,1,0,0,0,0,0,0,0,0,0,0,1,2,0,0,0,0,1,0,1,202,154,0.58,0.02,0,0.01,0,0,0,0,normal
0,tcp,telnet,S0,0,0,0,0,0,0,0,0,0,0,0,0,0,0,0,0,0,0,295,7,1,1,0,0,0.02,0.05,0,255,7,0.03,0.05,0,0,1,1,0,0,neptune
0,tcp,private,S0,0,0,0,0,0,0,0,0,0,0,0,0,0,0,0,0,0,0,171,3,1,1,0,0,0.02,0.07,0,255,14,0.05,0.07,0,0,1,1,0,0,neptune
0,tcp,Z39_50,S0,0,0,0,0,0,0,0,0,0,0,0,0,0,0,0,0,0,0,179,2,1,1,0,0,0.01,0.06,0,255,5,0.02,0.07,0,0,1,1,0,0,neptune
0,tcp,smtp,SF,657,326,0,0,0,0,0,1,0,0,0,0,0,0,0,0,0,0,2,1,0,0,0,0,0.5,1,0,255,11,0.04,0.6,0,0,0,0.09,0,0,normal
0,tcp,http_443,S0,0,0,0,0,0,0,0,0,0,0,0,0,0,0,0,0,0,0,101,7,1,1,0,0,0.07,0.06,0,255,3,0.01,0.07,0,0,1,1,0,0,neptune
0,tcp,http,SF,284,765,0,0,0,0,0,1,0,0,0,0,0,0,0,0,0,0,9,9,0,0,0,0,1,0,0,255,255,1,0,0.01,0,0,0,0,0,normal
0,tcp,http,SF,261,15455,0,0,0,0,0,1,0,0,0,0,0,0,0,0,0,0,22,22,0,0,0,0,1,0,0,255,255,1,0,0,0,0,0,0,0,normal
0,tcp,http,SF,317,315,0,0,0,0,0,1,0,0,0,0,0,0,0,0,0,0,1,2,0,0,0,0,1,0,1,255,255,1,0,0,0,0,0,0,0,normal
0,udp,domain_u,SF,33,0,0,0,0,0,0,0,0,0,0,0,0,0,0,0,0,0,8,8,0,0,0,0,1,0,0,255,36,0.14,0.03,0.14,0,0,0,0,0,normal
0,tcp,private,REJ,0,0,0,0,0,0,0,0,0,0,0,0,0,0,0,0,0,0,2,1,0,0,1,1,0.5,1,0,255,1,0,0.6,0.56,0,0.01,0,0.57,1,portsweep
0,tcp,private,RSTR,0,0,0,0,0,0,0,0,0,0,0,0,0,0,0,0,0,0,1,1,0,0,1,1,1,0,0,255,1,0,0.64,0.64,0,0,0,0.64,1,portsweep
0,udp,domain_u,SF,44,70,0,0,0,0,0,0,0,0,0,0,0,0,0,0,0,0,195,197,0,0,0,0,1,0,0.01,255,234,0.92,0.01,0.01,0,0,0,0,0,normal
0,tcp,http,SF,215,584,0,0,0,0,0,1,0,0,0,0,0,0,0,0,0,0,4,9,0,0,0,0,1,0,0.56,255,255,1,0,0,0,0,0,0,0,normal
0,tcp,private,S0,0,0,0,0,0,0,0,0,0,0,0,0,0,0,0,0,0,0,260,9,1,1,0,0,0.03,0.07,0,255,7,0.03,0.07,0,0,1,1,0,0,neptune
0,tcp,http,SF,332,2844,0,0,0,0,0,1,0,0,0,0,0,0,0,0,0,0,14,14,0,0,0,0,1,0,0,142,255,1,0,0.01,0.03,0,0,0,0,normal
1,tcp,smtp,SF,978,334,0,0,0,0,0,1,0,0,0,0,0,0,0,0,0,0,1,3,0,0,0,0,1,0,1,128,164,0.75,0.03,0.01,0.02,0,0,0,0,normal
0,tcp,http,SF,296,5670,0,0,0,0,0,1,0,0,0,0,0,0,0,0,0,0,10,10,0,0,0,0,1,0,0,69,255,1,0,0.01,0.02,0,0,0,0,normal
0,tcp,telnet,S0,0,0,0,0,0,0,0,0,0,0,0,0,0,0,0,0,0,0,125,13,1,1,0,0,0.1,0.06,0,255,8,0.03,0.07,0,0,1,1,0,0,neptune
0,tcp,private,REJ,0,0,0,0,0,0,0,0,0,0,0,0,0,0,0,0,0,0,139,10,0,0,1,1,0.07,0.06,0,255,6,0.02,0.09,0,0,0,0,1,1,neptune
0,tcp,http,SF,214,9986,0,0,0,0,0,1,0,0,0,0,0,0,0,0,0,0,10,11,0,0,0,0,1,0,0.18,66,255,1,0,0.02,0.02,0,0,0,0,normal
0,tcp,private,S0,0,0,0,0,0,0,0,0,0,0,0,0,0,0,0,0,0,0,251,7,1,1,0,0,0.03,0.07,0,255,2,0.01,0.07,0,0,1,1,0,0,neptune
0,udp,ntp_u,SF,48,48,0,0,0,0,0,0,0,0,0,0,0,0,0,0,0,0,1,1,0,0,0,0,1,0,0,42,23,0.55,0.05,0.55,0,0,0,0,0,normal
0,tcp,http,SF,226,1301,0,0,0,0,0,1,0,0,0,0,0,0,0,0,0,0,5,5,0,0,0,0,1,0,0,14,255,1,0,0.07,0.03,0,0,0,0,normal
0,tcp,bgp,S0,0,0,0,0,0,0,0,0,0,0,0,0,0,0,0,0,0,0,211,17,1,1,0,0,0.08,0.07,0,255,12,0.05,0.08,0,0,1,1,0,0,neptune
0,icmp,urp_i,SF,78,0,0,0,0,0,0,0,0,0,0,0,0,0,0,0,0,0,20,8,0,0,0,0,0.4,0.1,0,255,16,0.06,0.01,0.06,0,0,0,0,0,normal
0,tcp,private,S0,0,0,0,0,0,0,0,0,0,0,0,0,0,0,0,0,0,0,208,2,1,1,0,0,0.01,0.07,0,255,5,0.02,0.07,0,0,1,1,0,0,neptune
0,tcp,http,REJ,0,0,0,0,0,0,0,0,0,0,0,0,0,0,0,0,0,0,1,1,0,0,1,1,1,0,0,8,38,1,0,0.12,0.18,0,0,1,1,normal
0,tcp,discard,S0,0,0,0,0,0,0,0,0,0,0,0,0,0,0,0,0,0,0,268,19,1,1,0,0,0.07,0.06,0,255,19,0.07,0.07,0,0,1,1,0,0,neptune
0,tcp,private,REJ,0,0,0,0,0,0,0,0,0,0,0,0,0,0,0,0,0,0,1,1,0,0,1,1,1,0,0,37,2,0.03,1,0.03,1,0,0,0.86,1,ipsweep
0,tcp,private,REJ,0,0,0,0,0,0,0,0,0,0,0,0,0,0,0,0,0,0,2,1,0,0,1,1,0.5,1,0,255,1,0,0.53,0.51,0,0,0,0.51,1,portsweep
0,tcp,http,SF,294,3327,0,0,0,0,0,1,0,0,0,0,0,0,0,0,0,0,1,19,0,0,0,0,1,0,0.16,57,255,1,0,0.02,0.04,0,0,0,0,normal
0,tcp,supdup,S0,0,0,0,0,0,0,0,0,0,0,0,0,0,0,0,0,0,0,286,3,1,1,0,0,0.01,0.05,0,255,3,0.01,0.05,0,0,1,1,0,0,neptune
0,tcp,http,SF,220,1249,0,0,0,0,0,1,0,0,0,0,0,0,0,0,0,0,7,7,0,0,0,0,1,0,0,159,255,1,0,0.01,0.03,0,0,0,0,normal
0,tcp,other,REJ,0,0,0,0,0,0,0,0,0,0,0,0,0,0,0,0,0,0,425,1,0.08,0,0.91,1,0,1,0,255,1,0,1,0,0,0.08,0,0.92,1,satan
0,tcp,http,SF,196,3282,0,0,0,0,0,1,0,0,0,0,0,0,0,0,0,0,8,9,0,0,0,0,1,0,0.22,255,255,1,0,0,0,0,0,0,0,normal
0,tcp,http,S0,0,0,0,0,0,0,0,0,0,0,0,0,0,0,0,0,0,0,272,30,1,0.43,0,0,0.05,0.06,0.1,255,13,0.05,0.08,0,0,1,1,0,0,neptune
0,tcp,http,SF,327,4482,0,0,0,0,0,1,0,0,0,0,0,0,0,0,0,0,4,8,0,0,0,0,1,0,0.25,58,255,1,0,0.02,0.02,0,0,0,0,normal
0,tcp,uucp_path,REJ,0,0,0,0,0,0,0,0,0,0,0,0,0,0,0,0,0,0,241,3,0,0,1,1,0.01,0.07,0,255,3,0.01,0.07,0,0,0,0,1,1,neptune
0,tcp,ftp_data,SF,319,0,0,0,0,0,0,0,0,0,0,0,0,0,0,0,0,0,2,2,0,0,0,0,1,0,0,6,2,0.33,0.5,0.33,0,0,0,0,0,normal
0,tcp,smtp,SF,1087,302,0,0,0,0,0,1,0,0,0,0,0,0,0,0,0,0,1,1,0,0,0,0,1,0,0,246,64,0.24,0.29,0,0.03,0,0,0.26,0,normal
0,tcp,http,SF,210,3754,0,0,0,0,0,1,0,0,0,0,0,0,0,0,0,0,18,18,0,0,0,0,1,0,0,62,255,1,0,0.02,0.02,0,0.01,0,0,normal
0,tcp,sql_net,S0,0,0,0,0,0,0,0,0,0,0,0,0,0,0,0,0,0,0,125,19,1,1,0,0,0.15,0.06,0,255,18,0.07,0.07,0,0,1,1,0,0,neptune
0,tcp,http,REJ,0,0,0,0,0,0,0,0,0,0,0,0,0,0,0,0,0,0,1,1,0,0,1,1,1,0,0,12,255,1,0,0.08,0.15,0,0,1,0.79,normal
0,tcp,http,SF,234,6282,0,0,0,0,0,1,0,0,0,0,0,0,0,0,0,0,6,6,0,0,0,0,1,0,0,106,255,1,0,0.01,0.03,0,0,0,0,normal
0,icmp,eco_i,SF,8,0,0,0,0,0,0,0,0,0,0,0,0,0,0,0,0,0,1,18,0,0,0,0,1,0,1,2,255,1,0,1,0.5,0,0,0,0,ipsweep
0,tcp,http,SF,54540,8314,0,0,0,2,0,1,1,0,0,0,0,0,0,0,0,0,1,1,0,0,0,0,1,0,0,251,251,1,0,0,0,0,0,0.02,0.02,back
0,tcp,http,SF,237,1461,0,0,0,0,0,1,0,0,0,0,0,0,0,0,0,0,3,3,0,0,0,0,1,0,0,59,255,1,0,0.02,0.02,0,0,0,0,normal
0,tcp,ftp_data,S0,0,0,0,0,0,0,0,0,0,0,0,0,0,0,0,0,0,0,42,10,1,1,0,0,0.24,0.1,0,124,62,0.24,0.03,0.01,0.03,0.98,0.48,0,0,neptune
0,tcp,private,S0,0,0,0,0,0,0,0,0,0,0,0,0,0,0,0,0,0,0,274,10,1,1,0,0,0.04,0.06,0,255,10,0.04,0.07,0,0,1,1,0,0,neptune
0,tcp,http,SF,200,955,0,0,0,0,0,1,0,0,0,0,0,0,0,0,0,0,3,3,0,0,0,0,1,0,0,250,255,1,0,0,0.01,0,0,0,0,normal
0,tcp,http,SF,219,657,0,0,0,0,0,1,0,0,0,0,0,0,0,0,0,0,7,9,0,0,0,0,1,0,0.33,28,255,1,0,0.04,0.01,0,0,0,0,normal
0,tcp,http,SF,284,5921,0,0,0,0,0,1,0,0,0,0,0,0,0,0,0,0,1,1,0,0,0,0,1,0,0,49,255,1,0,0.02,0.07,0,0,0,0,normal
0,tcp,nntp,S0,0,0,0,0,0,0,0,0,0,0,0,0,0,0,0,0,0,0,196,12,1,1,0,0,0.06,0.07,0,255,12,0.05,0.08,0,0,1,1,0,0,neptune
0,tcp,http,SF,325,426,0,0,0,0,0,1,0,0,0,0,0,0,0,0,0,0,5,5,0,0,0,0,1,0,0,187,255,1,0,0.01,0.01,0,0,0,0,normal
0,tcp,courier,S0,0,0,0,0,0,0,0,0,0,0,0,0,0,0,0,0,0,0,111,6,1,1,0,0,0.05,0.07,0,255,6,0.02,0.07,0,0,1,1,0,0,neptune
0,icmp,eco_i,SF,30,0,0,0,0,0,0,0,0,0,0,0,0,0,0,0,0,0,1,1,0,0,0,0,1,0,0,247,247,1,0,1,0,0,0,0,0,normal
0,tcp,http,SF,335,7902,0,0,0,0,0,1,0,0,0,0,0,0,0,0,0,0,1,8,0,0,0,0,1,0,0.88,1,255,1,0,1,0.04,0,0,0,0,normal
0,udp,domain_u,SF,36,0,0,0,0,0,0,0,0,0,0,0,0,0,0,0,0,0,2,4,0,0,0,0,1,0,0.75,67,171,1,0,1,0.01,0,0,0,0,normal
0,tcp,private,S0,0,0,0,0,0,0,0,0,0,0,0,0,0,0,0,0,0,0,168,3,1,1,0,0,0.02,0.08,0,255,3,0.01,0.08,0,0,1,1,0,0,neptune
0,udp,domain_u,SF,43,43,0,0,0,0,0,0,0,0,0,0,0,0,0,0,0,0,122,188,0,0,0,0,1,0,0.01,255,255,1,0,0.01,0,0,0,0,0,normal
0,tcp,courier,S0,0,0,0,0,0,0,0,0,0,0,0,0,0,0,0,0,0,0,108,8,1,1,0,0,0.07,0.06,0,255,8,0.03,0.07,0,0,1,1,0,0,neptune
0,tcp,http,REJ,0,0,0,0,0,0,0,0,0,0,0,0,0,0,0,0,0,0,1,1,0,0,1,1,1,0,0,6,55,1,0,0.17,0.24,0,0,1,1,normal
0,tcp,private,S0,0,0,0,0,0,0,0,0,0,0,0,0,0,0,0,0,0,0,36,12,1,1,0,0,0.33,0.14,0,255,12,0.05,0.1,0,0,1,1,0,0,neptune
0,tcp,private,S0,0,0,0,0,0,0,0,0,0,0,0,0,0,0,0,0,0,0,143,19,1,1,0,0,0.13,0.06,0,255,4,0.02,0.06,0,0,1,1,0,0,neptune
0,tcp,http,SF,216,1956,0,0,0,0,0,1,0,0,0,0,0,0,0,0,0,0,1,21,0,0,0,0,1,0,0.1,12,255,1,0,0.08,0.05,0,0,0,0,normal
0,tcp,uucp,S0,0,0,0,0,0,0,0,0,0,0,0,0,0,0,0,0,0,0,132,8,1,1,0,0,0.06,0.05,0,255,8,0.03,0.05,0,0,1,1,0,0,neptune
0,udp,domain_u,SF,44,78,0,0,0,0,0,0,0,0,0,0,0,0,0,0,0,0,139,139,0,0,0,0,1,0,0,255,166,0.65,0.01,0,0,0,0,0,0,normal
0,tcp,http,SF,347,8113,0,0,0,0,0,1,0,0,0,0,0,0,0,0,0,0,7,7,0,0,0,0,1,0,0,255,255,1,0,0,0,0.01,0.01,0.02,0.02,normal
1,tcp,smtp,SF,570,280,0,0,0,0,0,1,0,0,0,0,0,0,0,0,0,0,1,1,0,0,0,0,1,0,0,126,104,0.44,0.05,0.01,0.02,0.01,0.01,0.01,0,normal
0,tcp,http,SF,219,17540,0,0,0,0,0,1,0,0,0,0,0,0,0,0,0,0,8,8,0,0,0,0,1,0,0,36,255,1,0,0.03,0.05,0,0,0,0,normal
0,udp,other,SF,146,0,0,0,0,0,0,0,0,0,0,0,0,0,0,0,0,0,3,1,0,0,0,0,0.33,1,0,255,1,0,0.53,0.88,0,0,0,0,0,normal
0,tcp,ftp,S0,0,0,0,0,0,0,0,0,0,0,0,0,0,0,0,0,0,0,222,1,1,1,0,0,0,0.06,0,255,1,0,0.06,0,0,1,1,0,0,neptune
0,tcp,private,S0,0,0,0,0,0,0,0,0,0,0,0,0,0,0,0,0,0,0,260,8,1,1,0,0,0.03,0.05,0,120,8,0.07,0.08,0.01,0,0.98,1,0,0,neptune
0,tcp,private,S0,0,0,0,0,0,0,0,0,0,0,0,0,0,0,0,0,0,0,237,15,1,1,0,0,0.06,0.07,0,255,1,0,0.08,0,0,1,1,0,0,neptune
0,tcp,private,S0,0,0,0,0,0,0,0,0,0,0,0,0,0,0,0,0,0,0,132,15,1,1,0,0,0.11,0.06,0,255,16,0.06,0.05,0,0,1,1,0,0,neptune
31401,tcp,private,RSTR,1,0,0,0,0,0,0,0,0,0,0,0,0,0,0,0,0,0,2,2,0,0,1,1,1,0,0,255,2,0.01,0.82,1,0,0,0,1,1,portsweep
0,tcp,private,S0,0,0,0,0,0,0,0,0,0,0,0,0,0,0,0,0,0,0,57,11,1,1,0,0,0.19,0.11,0,255,11,0.04,0.07,0,0,1,1,0,0,neptune
0,icmp,eco_i,SF,18,0,0,0,0,0,0,0,0,0,0,0,0,0,0,0,0,0,1,1,0,0,0,0,1,0,0,4,200,1,0,1,0.25,0,0,0,0,ipsweep
0,tcp,time,SF,0,4,0,0,0,0,0,0,0,0,0,0,0,0,0,0,0,0,1,1,0,0,0,0,1,0,0,25,25,1,0,0.04,0,0.08,0.08,0.04,0.04,normal
0,tcp,http,SF,233,581,0,0,0,0,0,1,0,0,0,0,0,0,0,0,0,0,13,26,0,0,0,0,1,0,0.08,255,255,1,0,0,0,0,0,0,0,normal
0,tcp,finger,S0,0,0,0,0,0,0,0,0,0,0,0,0,0,0,0,0,0,0,257,19,1,1,0,0,0.07,0.05,0,255,19,0.07,0.07,0,0,1,1,0,0,neptune
0,tcp,ftp_data,SF,276,0,0,0,0,0,0,0,0,0,0,0,0,0,0,0,0,0,1,1,0,0,0,0,1,0,0,76,24,0.17,0.08,0.17,0.08,0,0,0,0,normal
0,udp,domain_u,SF,44,139,0,0,0,0,0,0,0,0,0,0,0,0,0,0,0,0,77,157,0,0,0,0,1,0,0.01,255,242,0.95,0.01,0,0,0,0,0,0,normal
0,icmp,eco_i,SF,8,0,0,0,0,0,0,0,0,0,0,0,0,0,0,0,0,0,1,27,0,0,0,0,1,0,1,1,41,1,0,1,0.51,0,0,0,0,ipsweep
7805,tcp,telnet,SF,1828,148722,0,0,0,1,2,1,19,0,1,10,8,0,0,0,0,0,1,1,0,0,0,0,1,0,0,51,7,0.14,0.08,0.02,0,0,0,0,0,normal
0,tcp,http,SF,200,764,0,0,0,0,0,1,0,0,0,0,0,0,0,0,0,0,2,12,0,0,0,0,1,0,0.33,23,255,1,0,0.04,0.02,0,0,0,0,normal
0,udp,domain_u,SF,46,46,0,0,0,0,0,0,0,0,0,0,0,0,0,0,0,0,11,20,0,0,0,0,1,0,0.15,255,255,1,0,0,0,0,0,0,0,normal
0,tcp,private,S0,0,0,0,0,0,0,0,0,0,0,0,0,0,0,0,0,0,0,257,19,1,1,0,0,0.07,0.05,0,255,2,0.01,0.09,0,0,1,1,0,0,neptune
0,tcp,telnet,S0,0,0,0,0,0,0,0,0,0,0,0,0,0,0,0,0,0,0,13,13,1,1,0,0,1,0,0,135,75,0.56,0.01,0.01,0,0.99,0.97,0,0,neptune
0,tcp,http,SF,216,5284,0,0,0,0,0,1,0,0,0,0,0,0,0,0,0,0,9,9,0,0,0,0,1,0,0,123,255,1,0,0.01,0.02,0,0,0.44,0.29,normal
0,tcp,exec,RSTO,0,0,0,0,0,0,0,0,0,0,0,0,0,0,0,0,0,0,137,9,0,0,1,1,0.07,0.06,0,255,4,0.02,0.06,0,0,0,0,1,1,neptune
0,tcp,http,SF,234,997,0,0,0,0,0,1,0,0,0,0,0,0,0,0,0,0,28,28,0,0,0,0,1,0,0,255,255,1,0,0,0,0,0,0,0,normal
0,tcp,http,SF,220,1643,0,0,0,0,0,1,0,0,0,0,0,0,0,0,0,0,12,25,0,0.04,0,0,1,0,0.08,25,255,1,0,0.04,0.04,0,0.01,0,0,normal
0,tcp,login,S0,0,0,0,0,0,0,0,0,0,0,0,0,0,0,0,0,0,0,132,3,1,1,0,0,0.02,0.06,0,255,14,0.05,0.07,0,0,1,1,0,0,neptune
0,udp,private,SF,105,146,0,0,0,0,0,0,0,0,0,0,0,0,0,0,0,0,7,1,0,0,0,0,0.14,0.29,0,255,226,0.89,0.01,0.01,0,0,0,0,0,normal
0,tcp,http,REJ,0,0,0,0,0,0,0,0,0,0,0,0,0,0,0,0,0,0,1,1,0,0,1,1,1,0,0,12,255,1,0,0.08,0.04,0,0,0.08,0.02,normal
0,tcp,Z39_50,S0,0,0,0,0,0,0,0,0,0,0,0,0,0,0,0,0,0,0,290,16,1,1,0,0,0.06,0.06,0,255,11,0.04,0.08,0,0,1,1,0,0,neptune
0,tcp,private,S0,0,0,0,0,0,0,0,0,0,0,0,0,0,0,0,0,0,0,203,2,1,1,0,0,0.01,0.06,0,255,9,0.04,0.06,0,0,1,1,0,0,neptune
0,tcp,private,S0,0,0,0,0,0,0,0,0,0,0,0,0,0,0,0,0,0,0,290,8,1,1,0,0,0.03,0.06,0,255,9,0.04,0.08,0,0,1,1,0,0,neptune
0,tcp,http,SF,288,2881,0,0,0,0,0,1,0,0,0,0,0,0,0,0,0,0,14,16,0,0,0,0,1,0,0.12,14,255,1,0,0.07,0.05,0,0,0,0,normal
0,tcp,uucp,RSTO,0,0,0,0,0,0,0,0,0,0,0,0,0,0,0,0,0,0,116,3,0,0,1,1,0.03,0.07,0,255,3,0.01,0.08,0,0,0,0,1,1,neptune
0,tcp,private,S0,0,0,0,0,0,0,0,0,0,0,0,0,0,0,0,0,0,0,260,6,1,1,0,0,0.02,0.07,0,255,5,0.02,0.07,0,0,1,1,0,0,neptune
0,udp,private,SF,1,0,0,0,0,0,0,0,0,0,0,0,0,0,0,0,0,0,12,1,0,0,0,0,0.08,0.17,0,255,24,0.09,0.2,0.6,0,0,0,0.34,0,satan
0,udp,private,SF,28,0,0,3,0,0,0,0,0,0,0,0,0,0,0,0,0,0,21,21,0,0,0,0,1,0,0,255,21,0.08,0.02,0.08,0,0,0,0,0,teardrop
0,tcp,http,SF,279,494,0,0,0,0,0,1,0,0,0,0,0,0,0,0,0,0,2,2,0,0,0,0,1,0,0,255,255,1,0,0,0,0,0,0,0,normal
0,icmp,ecr_i,SF,1032,0,0,0,0,0,0,0,0,0,0,0,0,0,0,0,0,0,486,486,0,0,0,0,1,0,0,255,255,1,0,1,0,0,0,0,0,smurf
0,tcp,ftp_data,SF,192,0,0,0,0,0,0,1,0,0,0,0,0,0,0,0,0,0,2,3,0,0,0,0,1,0,0.67,255,115,0.45,0.01,0.45,0,0,0,0,0,normal
7,tcp,telnet,SF,105,1401,0,0,0,0,0,1,0,0,0,0,0,0,0,0,0,0,1,1,0,0,0,0,1,0,0,84,1,0.01,0.07,0.01,0,0,0,0,0,normal
0,tcp,private,REJ,0,0,0,0,0,0,0,0,0,0,0,0,0,0,0,0,0,0,1,1,0,0,1,1,1,0,0,27,2,0.04,1,0.04,1,0,0,0.89,1,ipsweep
10,tcp,smtp,SF,1330,282,0,0,0,0,0,1,0,0,0,0,0,0,0,0,0,0,1,1,0,0,0,0,1,0,0,255,142,0.56,0.03,0,0,0,0,0,0,normal
0,icmp,ecr_i,SF,520,0,0,0,0,0,0,0,0,0,0,0,0,0,0,0,0,0,457,457,0,0,0,0,1,0,0,153,153,1,0,1,0,0,0,0,0,smurf
0,tcp,ftp_data,S0,0,0,0,0,0,0,0,0,0,0,0,0,0,0,0,0,0,0,47,4,1,1,0,0,0.09,0.09,0,255,64,0.25,0.02,0.02,0,1,1,0,0,neptune
0,tcp,http,SF,230,362,0,0,0,0,0,1,0,0,0,0,0,0,0,0,0,0,10,18,0,0,0,0,1,0,0.17,121,255,1,0,0.01,0.04,0,0,0,0,normal
0,udp,domain_u,SF,44,110,0,0,0,0,0,0,0,0,0,0,0,0,0,0,0,0,71,151,0,0,0,0,1,0,0.01,255,255,1,0,0,0,0,0,0,0,normal
0,tcp,http,SF,271,3582,0,0,0,0,0,1,0,0,0,0,0,0,0,0,0,0,12,12,0,0,0,0,1,0,0,12,255,1,0,0.08,0.03,0,0,0,0,normal
0,tcp,http,SF,179,1668,0,0,0,0,0,1,0,0,0,0,0,0,0,0,0,0,6,6,0,0,0,0,1,0,0,52,255,1,0,0.02,0.03,0,0,0,0,normal
0,tcp,ftp_data,SF,852,0,0,0,0,0,0,0,0,0,0,0,0,0,0,0,0,0,6,6,0,0,0,0,1,0,0,219,39,0.13,0.02,0.13,0.05,0,0,0,0,normal
0,tcp,http,SF,222,310,0,0,0,0,0,1,0,0,0,0,0,0,0,0,0,0,5,13,0,0,0,0,1,0,0.15,170,255,1,0,0.01,0.01,0,0,0,0,normal
0,tcp,http,SF,314,4137,0,0,0,0,0,1,0,0,0,0,0,0,0,0,0,0,7,7,0,0,0,0,1,0,0,255,255,1,0,0,0,0,0,0,0,normal
0,tcp,login,RSTO,0,0,0,0,0,0,0,0,0,0,0,0,0,0,0,0,0,0,139,10,0,0,1,1,0.07,0.06,0,255,10,0.04,0.06,0,0,0,0,1,1,neptune
0,tcp,http,SF,230,6880,0,0,0,0,0,1,0,0,0,0,0,0,0,0,0,0,1,17,0,0,0,0,1,0,0.29,24,255,1,0,0.04,0.04,0,0,0,0.01,normal
0,tcp,whois,S0,0,0,0,0,0,0,0,0,0,0,0,0,0,0,0,0,0,0,200,6,1,1,0,0,0.03,0.08,0,255,6,0.02,0.07,0,0,1,1,0,0,neptune
0,tcp,ctf,S0,0,0,0,0,0,0,0,0,0,0,0,0,0,0,0,0,0,0,140,1,1,1,0,0,0.01,0.06,0,255,1,0,0.08,0,0,1,1,0,0,neptune
0,tcp,smtp,SF,857,327,0,0,0,0,0,1,0,0,0,0,0,0,0,0,0,0,1,1,0,0,0,0,1,0,0,173,132,0.57,0.02,0.01,0.02,0,0,0,0,normal
0,tcp,http,SF,234,1707,0,0,0,0,0,1,0,0,0,0,0,0,0,0,0,0,9,9,0,0,0,0,1,0,0,9,255,1,0,0.11,0.04,0,0,0,0,normal
0,icmp,ecr_i,SF,1032,0,0,0,0,0,0,0,0,0,0,0,0,0,0,0,0,0,511,511,0,0,0,0,1,0,0,255,200,0.78,0.01,0.78,0,0,0,0,0,smurf
0,udp,private,SF,28,0,0,3,0,0,0,0,0,0,0,0,0,0,0,0,0,0,68,68,0,0,0,0,1,0,0,255,68,0.27,0.02,0.27,0,0,0,0,0,teardrop
0,tcp,private,S0,0,0,0,0,0,0,0,0,0,0,0,0,0,0,0,0,0,0,132,7,1,1,0,0,0.05,0.06,0,255,7,0.03,0.06,0,0,1,1,0,0,neptune
0,tcp,http,SF,215,6367,0,0,0,0,0,1,0,0,0,0,0,0,0,0,0,0,9,9,0,0,0,0,1,0,0,255,255,1,0,0,0,0,0,0,0,normal
0,udp,domain_u,SF,46,46,0,0,0,0,0,0,0,0,0,0,0,0,0,0,0,0,215,215,0,0,0,0,1,0,0,255,250,0.98,0.01,0,0,0,0,0,0,normal
0,udp,private,SF,105,146,0,0,0,0,0,0,0,0,0,0,0,0,0,0,0,0,1,1,0,0,0,0,1,0,0,229,217,0.95,0.01,0,0,0,0,0,0,normal
0,tcp,private,S0,0,0,0,0,0,0,0,0,0,0,0,0,0,0,0,0,0,0,115,18,1,1,0,0,0.16,0.04,0,255,18,0.07,0.04,0,0,1,1,0,0,neptune
0,tcp,private,S0,0,0,0,0,0,0,0,0,0,0,0,0,0,0,0,0,0,0,35,16,1,1,0,0,0.46,0.11,0,255,16,0.06,0.08,0,0,1,1,0,0,neptune
0,tcp,csnet_ns,S0,0,0,0,0,0,0,0,0,0,0,0,0,0,0,0,0,0,0,275,15,1,1,0,0,0.05,0.06,0,255,15,0.06,0.09,0,0,1,1,0,0,neptune
0,tcp,http,SF,305,2507,0,0,0,0,0,1,0,0,0,0,0,0,0,0,0,0,4,4,0,0,0,0,1,0,0,255,239,0.94,0.01,0,0,0,0,0,0,normal
0,tcp,private,REJ,0,0,0,0,0,0,0,0,0,0,0,0,0,0,0,0,0,0,76,13,0,0,1,1,0.17,0.08,0,255,13,0.05,0.07,0,0,0,0,1,1,neptune
0,tcp,http,SF,336,15767,0,0,0,0,0,1,0,0,0,0,0,0,0,0,0,0,12,12,0,0,0,0,1,0,0,95,255,1,0,0.01,0.02,0,0,0,0,normal
0,tcp,csnet_ns,S0,0,0,0,0,0,0,0,0,0,0,0,0,0,0,0,0,0,0,202,2,1,1,0,0,0.01,0.06,0,255,8,0.03,0.07,0,0,1,1,0,0,neptune
0,tcp,private,S0,0,0,0,0,0,0,0,0,0,0,0,0,0,0,0,0,0,0,252,14,1,1,0,0,0.06,0.07,0,255,13,0.05,0.09,0,0,1,1,0,0,neptune
5784,udp,other,SF,147,105,0,0,0,0,0,0,0,0,0,0,0,0,0,0,0,0,1,1,0,0,0,0,1,0,0,255,3,0.01,0.53,0.82,0,0,0,0,0,normal
0,tcp,http,SF,335,1212,0,0,0,0,0,1,0,0,0,0,0,0,0,0,0,0,3,3,0,0,0,0,1,0,0,7,255,1,0,0.14,0.21,0,0.01,0.43,0.96,normal
0,tcp,telnet,S0,0,0,0,0,0,0,0,0,0,0,0,0,0,0,0,0,0,0,74,17,1,1,0,0,0.23,0.05,0,255,58,0.23,0.02,0.01,0,1,1,0,0,neptune
0,tcp,http,SF,339,241,0,0,0,0,0,1,0,0,0,0,0,0,0,0,0,0,1,1,0,0,0,0,1,0,0,68,255,1,0,0.01,0.02,0,0,0,0,normal
0,tcp,http,SF,317,3245,0,0,0,0,0,1,0,0,0,0,0,0,0,0,0,0,4,4,0,0,0,0,1,0,0,251,255,1,0,0,0.01,0,0,0,0,normal
0,tcp,private,S0,0,0,0,0,0,0,0,0,0,0,0,0,0,0,0,0,0,0,116,19,1,1,0,0,0.16,0.06,0,255,15,0.06,0.06,0,0,1,1,0,0,neptune
0,tcp,http,SF,54540,8314,0,0,0,2,0,1,1,0,0,0,0,0,0,0,0,0,2,2,0,0,0,0,1,0,0,79,79,1,0,0.01,0,0.01,0.01,0.01,0.01,back
0,tcp,vmnet,S0,0,0,0,0,0,0,0,0,0,0,0,0,0,0,0,0,0,0,197,2,1,1,0,0,0.01,0.07,0,255,2,0.01,0.08,0,0,1,1,0,0,neptune
0,udp,domain_u,SF,42,131,0,0,0,0,0,0,0,0,0,0,0,0,0,0,0,0,80,160,0,0,0,0,1,0,0.01,255,254,1,0.01,0,0,0,0,0,0,normal
0,tcp,smtp,SF,986,368,0,0,0,0,0,1,0,0,0,0,0,0,0,0,0,0,1,1,0,0,0,0,1,0,0,76,169,0.89,0.04,0.01,0.01,0,0,0,0,normal
0,tcp,private,S0,0,0,0,0,0,0,0,0,0,0,0,0,0,0,0,0,0,0,198,4,1,1,0,0,0.02,0.08,0,255,4,0.02,0.08,0,0,1,1,0,0,neptune
0,icmp,urp_i,SF,183,0,0,0,0,0,0,0,0,0,0,0,0,0,0,0,0,0,4,4,0,0,0,0,1,0,0,255,37,0.15,0.01,0.16,0,0,0,0,0,normal
0,tcp,private,REJ,0,0,0,0,0,0,0,0,0,0,0,0,0,0,0,0,0,0,102,3,0,0,1,1,0.03,0.07,0,255,1,0,0.07,0,0,0,0,1,1,neptune
0,tcp,http,SF,405,23786,0,0,0,0,0,1,0,0,0,0,0,0,0,0,0,0,1,1,0,0,0,0,1,0,0,9,255,1,0,0.11,0.05,0,0,0,0,normal
0,tcp,link,S0,0,0,0,0,0,0,0,0,0,0,0,0,0,0,0,0,0,0,223,21,1,1,0,0,0.09,0.05,0,255,21,0.08,0.05,0,0,1,1,0,0,neptune
0,tcp,smtp,SF,785,327,0,0,0,0,0,1,0,0,0,0,0,0,0,0,0,0,1,1,0,0,0,0,1,0,0,50,70,0.76,0.12,0.02,0.03,0.02,0,0,0,normal
0,tcp,http,SF,258,4302,0,0,0,0,0,1,0,0,0,0,0,0,0,0,0,0,1,1,0,0,0,0,1,0,0,31,34,1,0,0.03,0.06,0,0.06,0,0.03,normal
0,tcp,login,S0,0,0,0,0,0,0,0,0,0,0,0,0,0,0,0,0,0,0,138,6,1,1,0,0,0.04,0.06,0,255,6,0.02,0.06,0,0,1,1,0,0,neptune
0,icmp,eco_i,SF,8,0,0,0,0,0,0,0,0,0,0,0,0,0,0,0,0,0,1,28,0,0,0,0,1,0,1,1,35,1,0,1,0.51,0,0,0,0,ipsweep
0,tcp,http,SF,318,2649,0,0,0,0,0,1,0,0,0,0,0,0,0,0,0,0,5,5,0,0,0,0,1,0,0,5,255,1,0,0.2,0.09,0,0,0,0,normal
0,tcp,private,REJ,0,0,0,0,0,0,0,0,0,0,0,0,0,0,0,0,0,0,154,1,0,0,1,1,0.01,0.07,0,255,1,0,0.07,0,0,0,0,1,1,neptune
0,tcp,ssh,S0,0,0,0,0,0,0,0,0,0,0,0,0,0,0,0,0,0,0,204,18,1,1,0,0,0.09,0.06,0,255,18,0.07,0.07,0,0,1,1,0,0,neptune
0,tcp,time,S0,0,0,0,0,0,0,0,0,0,0,0,0,0,0,0,0,0,0,262,4,1,1,0,0,0.02,0.06,0,255,4,0.02,0.07,0,0,1,1,0,0,neptune
0,tcp,http,SF,216,1240,0,0,0,0,0,1,0,0,0,0,0,0,0,0,0,0,8,8,0,0,0,0,1,0,0,255,255,1,0,0.01,0,0,0,0,0,normal
1,tcp,private,RSTR,0,0,0,0,0,0,0,0,0,0,0,0,0,0,0,0,0,0,25,2,0,0,1,1,0.08,0.52,0,195,2,0.01,0.08,0.13,0,0.01,0,0.38,1,portsweep
0,tcp,http,SF,291,320,0,0,0,0,0,1,0,0,0,0,0,0,0,0,0,0,3,3,0,0,0,0,1,0,0,55,255,1,0,0.02,0.05,0.02,0,0,0,normal
0,tcp,http,SF,224,546,0,0,0,0,0,1,0,0,0,0,0,0,0,0,0,0,21,21,0,0,0,0,1,0,0,21,255,1,0,0.05,0.06,0,0.01,0,0,normal
0,tcp,ftp_data,REJ,0,0,0,0,0,0,0,0,0,0,0,0,0,0,0,0,0,0,459,5,0.07,0,0.9,1,0.01,0.99,0,255,4,0.02,0.99,0,0,0.08,0,0.91,1,satan
0,tcp,domain,S0,0,0,0,0,0,0,0,0,0,0,0,0,0,0,0,0,0,0,253,1,1,1,0,0,0,0.07,0,255,1,0,0.08,0,0,1,1,0,0,neptune
542,udp,domain_u,SF,17,42,0,0,0,0,0,0,0,0,0,0,0,0,0,0,0,0,1,1,0,0,0,0,1,0,0,255,224,0.88,0.01,0.04,0,0,0,0,0,normal
0,tcp,private,S0,0,0,0,0,0,0,0,0,0,0,0,0,0,0,0,0,0,0,142,15,1,1,0,0,0.11,0.06,0,255,8,0.03,0.06,0,0,1,1,0,0,neptune
0,udp,domain_u,SF,29,29,0,0,0,0,0,0,0,0,0,0,0,0,0,0,0,0,1,3,0,0,0,0,1,0,1,255,253,0.99,0.01,0,0,0,0,0,0,normal
0,udp,private,SF,105,147,0,0,0,0,0,0,0,0,0,0,0,0,0,0,0,0,1,1,0,0,0,0,1,0,0,155,143,0.92,0.02,0.01,0,0,0,0,0,normal
0,icmp,eco_i,SF,30,0,0,0,0,0,0,0,0,0,0,0,0,0,0,0,0,0,12,1,0,0,0,0,0.08,0.25,0,255,3,0.01,0.01,0.09,0,0,0,0,0,normal
0,tcp,http,SF,325,12884,0,0,0,0,0,1,0,0,0,0,0,0,0,0,0,0,5,9,0,0,0,0,1,0,0.22,72,72,1,0,0.01,0,0,0,0,0,normal
0,tcp,login,S0,0,0,0,0,0,0,0,0,0,0,0,0,0,0,0,0,0,0,139,20,1,1,0,0,0.14,0.06,0,255,20,0.08,0.05,0,0,1,1,0,0,neptune
0,tcp,http,REJ,0,0,0,0,0,0,0,0,0,0,0,0,0,0,0,0,0,0,1,1,0,0,1,1,1,0,0,19,192,1,0,0.05,0.19,0,0,1,0.99,normal
0,tcp,ftp_data,SF,12,0,0,0,0,0,0,1,0,0,0,0,0,0,0,0,0,0,1,2,0,0,0,0,1,0,1,75,65,0.63,0.04,0.63,0.05,0.01,0.02,0,0,normal
0,tcp,http,SF,212,828,0,0,0,0,0,1,0,0,0,0,0,0,0,0,0,0,9,9,0,0,0,0,1,0,0,94,255,1,0,0.01,0.03,0,0,0,0,normal
0,tcp,http,SF,240,1475,0,0,0,0,0,1,0,0,0,0,0,0,0,0,0,0,12,12,0,0,0,0,1,0,0,255,255,1,0,0,0,0,0,0,0,normal